plot,gap,veg,invert_group,band,rep,exp
1,1,0,abocionidae,3,2,2
2,0,0,aranae,1,2,1
2,0,0,aranae,1,1,1
2,0,0,aranae,1,2,1
19,0,0,aranae,1,2,2
25,0,0,aranae,1,1,1
25,0,0,aranae,1,2,1
25,0,0,aranae,1,1,1
25,0,0,aranae,1,1,1
25,0,0,aranae,1,1,1
25,0,0,aranae,1,1,1
25,0,0,aranae,1,1,1
25,0,0,aranae,1,1,1
27,0,0,aranae,1,1,1
27,0,0,aranae,1,2,1
27,0,0,aranae,1,2,1
27,0,0,aranae,1,2,1
27,0,0,aranae,1,2,1
27,0,0,aranae,1,2,1
27,0,0,aranae,1,2,1
27,0,0,aranae,1,1,1
27,0,0,aranae,1,1,1
27,0,0,aranae,1,1,2
2,0,0,aranae,2,2,1
2,0,0,aranae,2,2,1
2,0,0,aranae,2,1,2
2,0,0,aranae,2,1,1
2,0,0,aranae,2,2,1
2,0,0,aranae,2,2,1
2,0,0,aranae,2,2,1
2,0,0,aranae,2,1,1
2,0,0,aranae,2,2,1
2,0,0,aranae,2,2,1
2,0,0,aranae,2,2,1
19,0,0,aranae,2,1,2
19,0,0,aranae,2,2,2
19,0,0,aranae,2,2,2
19,0,0,aranae,2,2,2
19,0,0,aranae,2,1,1
19,0,0,aranae,2,1,1
19,0,0,aranae,2,1,1
19,0,0,aranae,2,1,1
19,0,0,aranae,2,1,1
19,0,0,aranae,2,2,1
19,0,0,aranae,2,2,1
19,0,0,aranae,2,2,1
19,0,0,aranae,2,2,1
25,0,0,aranae,2,1,2
25,0,0,aranae,2,1,2
25,0,0,aranae,2,1,1
25,0,0,aranae,2,2,1
25,0,0,aranae,2,2,1
25,0,0,aranae,2,1,2
25,0,0,aranae,2,1,2
25,0,0,aranae,2,1,1
25,0,0,aranae,2,2,2
25,0,0,aranae,2,2,1
25,0,0,aranae,2,2,1
25,0,0,aranae,2,2,1
25,0,0,aranae,2,2,1
25,0,0,aranae,2,2,1
25,0,0,aranae,2,2,1
27,0,0,aranae,2,2,2
27,0,0,aranae,2,2,1
27,0,0,aranae,2,1,1
27,0,0,aranae,2,1,2
27,0,0,aranae,2,2,2
27,0,0,aranae,2,2,1
27,0,0,aranae,2,2,1
27,0,0,aranae,2,2,2
27,0,0,aranae,2,2,1
27,0,0,aranae,2,1,1
2,0,0,aranae,3,1,2
2,0,0,aranae,3,1,2
2,0,0,aranae,3,2,1
2,0,0,aranae,3,1,2
2,0,0,aranae,3,2,1
2,0,0,aranae,3,2,1
19,0,0,aranae,3,2,1
19,0,0,aranae,3,2,1
25,0,0,aranae,3,1,2
25,0,0,aranae,3,1,1
25,0,0,aranae,3,2,1
25,0,0,aranae,3,1,2
25,0,0,aranae,3,1,1
25,0,0,aranae,3,2,1
25,0,0,aranae,3,1,1
25,0,0,aranae,3,2,1
27,0,0,aranae,3,1,2
27,0,0,aranae,3,1,1
27,0,0,aranae,3,2,1
27,0,0,aranae,3,2,1
27,0,0,aranae,3,1,1
27,0,0,aranae,3,2,2
27,0,0,aranae,3,1,1
2,0,0,aranae,4,1,1
2,0,0,aranae,4,2,2
2,0,0,aranae,4,2,1
2,0,0,aranae,4,2,1
2,0,0,aranae,4,2,2
2,0,0,aranae,4,2,2
19,0,0,aranae,4,1,1
19,0,0,aranae,4,2,1
19,0,0,aranae,4,1,1
27,0,0,aranae,4,1,1
5,0,1,aranae,1,1,2
5,0,1,aranae,1,1,1
5,0,1,aranae,1,1,1
5,0,1,aranae,1,2,2
9,0,1,aranae,1,2,1
9,0,1,aranae,1,2,1
9,0,1,aranae,1,1,1
9,0,1,aranae,1,2,1
13,0,1,aranae,1,2,1
13,0,1,aranae,1,2,1
13,0,1,aranae,1,2,1
13,0,1,aranae,1,1,2
13,0,1,aranae,1,1,1
13,0,1,aranae,1,1,1
16,0,1,aranae,1,1,1
16,0,1,aranae,1,1,1
16,0,1,aranae,1,1,1
16,0,1,aranae,1,1,1
16,0,1,aranae,1,1,1
16,0,1,aranae,1,2,2
16,0,1,aranae,1,2,1
5,0,1,aranae,2,1,2
5,0,1,aranae,2,1,2
5,0,1,aranae,2,1,1
5,0,1,aranae,2,1,1
5,0,1,aranae,2,1,2
5,0,1,aranae,2,1,2
5,0,1,aranae,2,1,1
5,0,1,aranae,2,2,2
5,0,1,aranae,2,2,1
5,0,1,aranae,2,1,1
5,0,1,aranae,2,1,1
5,0,1,aranae,2,1,1
5,0,1,aranae,2,2,2
5,0,1,aranae,2,2,2
5,0,1,aranae,2,2,1
5,0,1,aranae,2,2,1
5,0,1,aranae,2,2,1
5,0,1,aranae,2,2,1
5,0,1,aranae,2,2,1
9,0,1,aranae,2,1,1
9,0,1,aranae,2,1,1
9,0,1,aranae,2,1,1
9,0,1,aranae,2,1,2
13,0,1,aranae,2,1,2
13,0,1,aranae,2,1,2
13,0,1,aranae,2,1,1
13,0,1,aranae,2,2,2
13,0,1,aranae,2,1,1
13,0,1,aranae,2,2,1
13,0,1,aranae,2,1,2
13,0,1,aranae,2,1,1
13,0,1,aranae,2,1,1
13,0,1,aranae,2,1,1
13,0,1,aranae,2,2,1
13,0,1,aranae,2,2,1
13,0,1,aranae,2,2,1
16,0,1,aranae,2,1,2
16,0,1,aranae,2,2,1
16,0,1,aranae,2,1,2
16,0,1,aranae,2,1,2
16,0,1,aranae,2,1,1
16,0,1,aranae,2,1,1
16,0,1,aranae,2,2,1
16,0,1,aranae,2,1,2
16,0,1,aranae,2,1,2
16,0,1,aranae,2,2,1
5,0,1,aranae,3,1,2
5,0,1,aranae,3,1,1
5,0,1,aranae,3,2,1
9,0,1,aranae,3,2,1
9,0,1,aranae,3,2,1
9,0,1,aranae,3,2,1
9,0,1,aranae,3,1,2
9,0,1,aranae,3,1,2
9,0,1,aranae,3,2,1
13,0,1,aranae,3,1,1
13,0,1,aranae,3,1,1
13,0,1,aranae,3,2,2
13,0,1,aranae,3,1,2
13,0,1,aranae,3,1,2
13,0,1,aranae,3,2,2
13,0,1,aranae,3,2,2
13,0,1,aranae,3,2,1
13,0,1,aranae,3,2,1
16,0,1,aranae,3,1,2
16,0,1,aranae,3,2,2
16,0,1,aranae,3,1,1
16,0,1,aranae,3,1,1
16,0,1,aranae,3,2,1
16,0,1,aranae,3,2,1
5,0,1,aranae,4,1,1
5,0,1,aranae,4,1,2
9,0,1,aranae,4,1,1
9,0,1,aranae,4,2,1
9,0,1,aranae,4,1,1
9,0,1,aranae,4,1,1
9,0,1,aranae,4,2,2
13,0,1,aranae,4,1,1
16,0,1,aranae,4,1,2
16,0,1,aranae,4,1,2
16,0,1,aranae,4,2,1
1,1,0,aranae,1,1,1
1,1,0,aranae,1,2,1
1,1,0,aranae,1,2,1
6,1,0,aranae,1,1,2
6,1,0,aranae,1,1,1
6,1,0,aranae,1,1,1
6,1,0,aranae,1,1,1
6,1,0,aranae,1,1,1
6,1,0,aranae,1,1,1
15,1,0,aranae,1,1,1
15,1,0,aranae,1,2,2
15,1,0,aranae,1,1,2
15,1,0,aranae,1,2,1
15,1,0,aranae,1,1,1
15,1,0,aranae,1,2,2
20,1,0,aranae,1,1,2
20,1,0,aranae,1,1,2
20,1,0,aranae,1,2,1
20,1,0,aranae,1,1,1
20,1,0,aranae,1,2,2
20,1,0,aranae,1,1,1
20,1,0,aranae,1,1,1
20,1,0,aranae,1,2,1
1,1,0,aranae,2,1,1
1,1,0,aranae,2,2,1
1,1,0,aranae,2,2,1
1,1,0,aranae,2,2,1
1,1,0,aranae,2,1,2
1,1,0,aranae,2,1,1
1,1,0,aranae,2,2,2
1,1,0,aranae,2,2,1
1,1,0,aranae,2,1,1
1,1,0,aranae,2,1,1
1,1,0,aranae,2,2,1
1,1,0,aranae,2,2,1
1,1,0,aranae,2,2,1
6,1,0,aranae,2,2,1
6,1,0,aranae,2,2,1
6,1,0,aranae,2,1,2
6,1,0,aranae,2,1,1
6,1,0,aranae,2,1,1
6,1,0,aranae,2,2,2
6,1,0,aranae,2,2,2
6,1,0,aranae,2,1,2
6,1,0,aranae,2,1,1
6,1,0,aranae,2,1,1
6,1,0,aranae,2,1,1
6,1,0,aranae,2,1,1
6,1,0,aranae,2,1,1
6,1,0,aranae,2,1,1
6,1,0,aranae,2,2,1
6,1,0,aranae,2,2,1
6,1,0,aranae,2,2,1
6,1,0,aranae,2,2,1
15,1,0,aranae,2,1,2
15,1,0,aranae,2,1,2
15,1,0,aranae,2,1,2
15,1,0,aranae,2,1,2
15,1,0,aranae,2,1,2
15,1,0,aranae,2,1,1
15,1,0,aranae,2,1,2
15,1,0,aranae,2,1,2
15,1,0,aranae,2,1,1
15,1,0,aranae,2,1,1
15,1,0,aranae,2,1,1
15,1,0,aranae,2,1,1
15,1,0,aranae,2,2,2
15,1,0,aranae,2,2,1
15,1,0,aranae,2,2,1
15,1,0,aranae,2,2,1
15,1,0,aranae,2,2,1
15,1,0,aranae,2,2,1
20,1,0,aranae,2,1,2
20,1,0,aranae,2,1,2
20,1,0,aranae,2,1,2
20,1,0,aranae,2,1,2
20,1,0,aranae,2,1,2
20,1,0,aranae,2,1,2
20,1,0,aranae,2,1,2
20,1,0,aranae,2,1,2
20,1,0,aranae,2,2,2
20,1,0,aranae,2,2,1
20,1,0,aranae,2,2,1
20,1,0,aranae,2,1,2
20,1,0,aranae,2,1,1
20,1,0,aranae,2,1,1
20,1,0,aranae,2,1,1
20,1,0,aranae,2,1,1
20,1,0,aranae,2,2,2
20,1,0,aranae,2,1,1
20,1,0,aranae,2,1,1
20,1,0,aranae,2,1,1
20,1,0,aranae,2,1,1
20,1,0,aranae,2,1,1
20,1,0,aranae,2,1,1
20,1,0,aranae,2,2,1
20,1,0,aranae,2,2,1
20,1,0,aranae,2,2,1
20,1,0,aranae,2,2,1
1,1,0,aranae,3,2,1
1,1,0,aranae,3,2,2
1,1,0,aranae,3,1,2
1,1,0,aranae,3,1,2
1,1,0,aranae,3,2,1
1,1,0,aranae,3,2,1
6,1,0,aranae,3,1,2
6,1,0,aranae,3,2,2
6,1,0,aranae,3,1,1
6,1,0,aranae,3,1,1
6,1,0,aranae,3,2,1
6,1,0,aranae,3,1,2
6,1,0,aranae,3,1,1
6,1,0,aranae,3,1,1
15,1,0,aranae,3,1,2
15,1,0,aranae,3,1,1
15,1,0,aranae,3,2,1
20,1,0,aranae,3,2,2
20,1,0,aranae,3,2,1
20,1,0,aranae,3,1,1
1,1,0,aranae,4,2,1
1,1,0,aranae,4,1,2
6,1,0,aranae,4,2,2
6,1,0,aranae,4,2,2
6,1,0,aranae,4,2,2
20,1,0,aranae,4,1,2
20,1,0,aranae,4,1,1
8,1,1,aranae,1,2,1
8,1,1,aranae,1,2,1
10,1,1,aranae,1,2,1
10,1,1,aranae,1,1,1
10,1,1,aranae,1,1,1
10,1,1,aranae,1,1,1
12,1,1,aranae,1,1,1
26,1,1,aranae,1,1,1
26,1,1,aranae,1,2,1
26,1,1,aranae,1,2,1
8,1,1,aranae,2,1,1
8,1,1,aranae,2,1,2
8,1,1,aranae,2,1,2
8,1,1,aranae,2,2,1
8,1,1,aranae,2,1,1
8,1,1,aranae,2,1,1
8,1,1,aranae,2,1,1
8,1,1,aranae,2,1,1
8,1,1,aranae,2,1,1
8,1,1,aranae,2,1,1
8,1,1,aranae,2,1,1
8,1,1,aranae,2,1,1
8,1,1,aranae,2,1,1
8,1,1,aranae,2,1,1
8,1,1,aranae,2,1,1
8,1,1,aranae,2,1,1
8,1,1,aranae,2,2,1
8,1,1,aranae,2,2,1
8,1,1,aranae,2,2,1
10,1,1,aranae,2,1,2
10,1,1,aranae,2,2,1
10,1,1,aranae,2,2,1
10,1,1,aranae,2,1,1
10,1,1,aranae,2,1,1
10,1,1,aranae,2,1,2
10,1,1,aranae,2,2,1
10,1,1,aranae,2,1,1
10,1,1,aranae,2,1,1
10,1,1,aranae,2,1,1
10,1,1,aranae,2,1,1
10,1,1,aranae,2,2,2
10,1,1,aranae,2,2,1
10,1,1,aranae,2,2,1
12,1,1,aranae,2,1,1
12,1,1,aranae,2,1,1
12,1,1,aranae,2,1,1
12,1,1,aranae,2,1,1
12,1,1,aranae,2,2,1
12,1,1,aranae,2,1,1
12,1,1,aranae,2,1,1
12,1,1,aranae,2,1,1
12,1,1,aranae,2,1,2
12,1,1,aranae,2,2,1
12,1,1,aranae,2,2,1
12,1,1,aranae,2,2,1
12,1,1,aranae,2,2,1
26,1,1,aranae,2,1,2
26,1,1,aranae,2,1,1
26,1,1,aranae,2,2,1
26,1,1,aranae,2,2,1
26,1,1,aranae,2,2,1
26,1,1,aranae,2,1,1
26,1,1,aranae,2,1,2
26,1,1,aranae,2,1,2
26,1,1,aranae,2,1,1
26,1,1,aranae,2,1,1
26,1,1,aranae,2,1,1
26,1,1,aranae,2,2,1
8,1,1,aranae,3,2,1
8,1,1,aranae,3,1,2
8,1,1,aranae,3,1,2
8,1,1,aranae,3,2,2
8,1,1,aranae,3,2,1
8,1,1,aranae,3,1,2
8,1,1,aranae,3,1,1
8,1,1,aranae,3,1,1
8,1,1,aranae,3,2,1
10,1,1,aranae,3,1,1
10,1,1,aranae,3,1,1
10,1,1,aranae,3,1,1
10,1,1,aranae,3,2,2
10,1,1,aranae,3,2,1
10,1,1,aranae,3,2,1
12,1,1,aranae,3,2,1
12,1,1,aranae,3,2,1
12,1,1,aranae,3,1,1
12,1,1,aranae,3,1,1
12,1,1,aranae,3,1,1
26,1,1,aranae,3,2,1
26,1,1,aranae,3,2,1
8,1,1,aranae,4,1,1
8,1,1,aranae,4,1,2
8,1,1,aranae,4,1,2
8,1,1,aranae,4,2,1
8,1,1,aranae,4,1,2
8,1,1,aranae,4,2,1
10,1,1,aranae,4,2,1
12,1,1,aranae,4,2,2
26,1,1,aranae,4,1,1
19,0,0,carabidae,1,1,1
2,0,0,carabidae,2,1,2
2,0,0,carabidae,2,1,1
19,0,0,carabidae,2,1,1
19,0,0,carabidae,2,2,1
25,0,0,carabidae,2,1,1
25,0,0,carabidae,2,1,1
25,0,0,carabidae,2,2,1
25,0,0,carabidae,2,2,1
27,0,0,carabidae,2,2,2
27,0,0,carabidae,2,2,2
27,0,0,carabidae,2,2,1
27,0,0,carabidae,2,2,1
27,0,0,carabidae,2,1,2
27,0,0,carabidae,3,2,1
27,0,0,carabidae,3,1,1
2,0,0,carabidae,4,1,2
19,0,0,carabidae,4,1,2
19,0,0,carabidae,4,1,2
19,0,0,carabidae,4,2,1
27,0,0,carabidae,4,2,2
5,0,1,carabidae,1,1,1
16,0,1,carabidae,1,2,1
16,0,1,carabidae,1,2,2
5,0,1,carabidae,2,1,1
5,0,1,carabidae,2,2,1
9,0,1,carabidae,2,1,2
9,0,1,carabidae,2,2,1
13,0,1,carabidae,2,2,1
16,0,1,carabidae,2,1,1
16,0,1,carabidae,2,1,1
16,0,1,carabidae,2,2,1
16,0,1,carabidae,2,1,2
16,0,1,carabidae,2,1,2
16,0,1,carabidae,2,1,1
5,0,1,carabidae,3,1,2
9,0,1,carabidae,3,1,1
9,0,1,carabidae,3,1,1
13,0,1,carabidae,3,1,2
16,0,1,carabidae,3,2,2
16,0,1,carabidae,3,2,2
16,0,1,carabidae,3,2,1
6,1,0,carabidae,1,2,1
6,1,0,carabidae,2,2,1
6,1,0,carabidae,2,1,1
6,1,0,carabidae,2,1,1
15,1,0,carabidae,2,2,1
15,1,0,carabidae,2,2,2
15,1,0,carabidae,2,2,1
15,1,0,carabidae,2,2,1
20,1,0,carabidae,2,2,1
20,1,0,carabidae,2,1,1
20,1,0,carabidae,2,1,1
20,1,0,carabidae,2,2,1
1,1,0,carabidae,3,1,2
1,1,0,carabidae,3,2,2
6,1,0,carabidae,3,1,2
6,1,0,carabidae,3,2,2
6,1,0,carabidae,3,2,1
20,1,0,carabidae,3,1,2
1,1,0,carabidae,4,1,1
15,1,0,carabidae,4,2,1
20,1,0,carabidae,4,1,2
20,1,0,carabidae,4,1,1
8,1,1,carabidae,1,1,2
10,1,1,carabidae,1,2,1
12,1,1,carabidae,1,1,2
12,1,1,carabidae,1,1,1
8,1,1,carabidae,2,1,2
8,1,1,carabidae,2,2,1
8,1,1,carabidae,2,2,1
8,1,1,carabidae,2,1,1
10,1,1,carabidae,2,2,1
12,1,1,carabidae,2,2,2
12,1,1,carabidae,2,2,1
12,1,1,carabidae,2,1,1
12,1,1,carabidae,2,2,1
12,1,1,carabidae,3,1,2
12,1,1,carabidae,3,1,1
26,1,1,carabidae,3,2,1
8,1,1,carabidae,4,1,2
10,1,1,carabidae,4,2,2
12,1,1,carabidae,4,2,2
2,0,0,caseyidae,2,1,1
27,0,0,caseyidae,2,1,1
2,0,0,caseyidae,3,1,2
27,0,0,caseyidae,3,2,1
5,0,1,caseyidae,2,2,1
5,0,1,caseyidae,2,2,1
13,0,1,caseyidae,2,2,1
13,0,1,caseyidae,2,1,1
13,0,1,caseyidae,2,2,2
13,0,1,caseyidae,2,2,1
16,0,1,caseyidae,2,1,1
16,0,1,caseyidae,2,2,1
16,0,1,caseyidae,2,1,1
16,0,1,caseyidae,2,2,1
16,0,1,caseyidae,2,2,1
16,0,1,caseyidae,2,2,1
5,0,1,caseyidae,3,2,1
9,0,1,caseyidae,3,1,1
13,0,1,caseyidae,3,1,2
13,0,1,caseyidae,3,1,1
16,0,1,caseyidae,3,2,1
16,0,1,caseyidae,3,2,1
5,0,1,caseyidae,4,1,1
9,0,1,caseyidae,4,1,1
9,0,1,caseyidae,4,2,1
15,1,0,caseyidae,1,1,1
15,1,0,caseyidae,1,1,1
20,1,0,caseyidae,1,1,1
1,1,0,caseyidae,2,1,1
1,1,0,caseyidae,2,2,1
6,1,0,caseyidae,2,1,1
6,1,0,caseyidae,2,1,1
6,1,0,caseyidae,2,1,1
6,1,0,caseyidae,2,2,1
6,1,0,caseyidae,2,2,1
15,1,0,caseyidae,2,2,1
20,1,0,caseyidae,2,2,1
1,1,0,caseyidae,3,1,1
1,1,0,caseyidae,3,2,1
6,1,0,caseyidae,3,2,2
6,1,0,caseyidae,3,1,2
6,1,0,caseyidae,3,2,1
15,1,0,caseyidae,3,1,1
20,1,0,caseyidae,3,2,2
6,1,0,caseyidae,4,2,1
15,1,0,caseyidae,4,1,2
8,1,1,caseyidae,1,1,1
8,1,1,caseyidae,1,2,1
8,1,1,caseyidae,2,1,1
8,1,1,caseyidae,2,1,1
8,1,1,caseyidae,2,2,1
8,1,1,caseyidae,2,2,1
10,1,1,caseyidae,2,2,1
12,1,1,caseyidae,2,2,1
12,1,1,caseyidae,2,1,1
12,1,1,caseyidae,2,2,1
26,1,1,caseyidae,2,2,1
26,1,1,caseyidae,2,2,1
26,1,1,caseyidae,2,1,1
8,1,1,caseyidae,3,1,2
8,1,1,caseyidae,3,1,2
8,1,1,caseyidae,3,1,2
8,1,1,caseyidae,3,2,1
8,1,1,caseyidae,3,1,1
8,1,1,caseyidae,3,2,1
12,1,1,caseyidae,3,1,1
12,1,1,caseyidae,3,2,1
26,1,1,caseyidae,3,2,1
26,1,1,caseyidae,3,2,2
8,1,1,caseyidae,4,1,2
8,1,1,caseyidae,4,1,2
26,1,1,caseyidae,4,1,1
2,0,0,collembola,1,2,2
2,0,0,collembola,1,1,1
19,0,0,collembola,1,2,1
19,0,0,collembola,1,1,1
19,0,0,collembola,1,2,2
19,0,0,collembola,1,2,1
19,0,0,collembola,1,2,1
25,0,0,collembola,1,1,1
25,0,0,collembola,1,2,1
25,0,0,collembola,1,1,1
25,0,0,collembola,1,2,1
27,0,0,collembola,1,2,1
27,0,0,collembola,1,1,1
27,0,0,collembola,1,1,1
27,0,0,collembola,1,2,2
27,0,0,collembola,1,2,1
27,0,0,collembola,1,1,1
2,0,0,collembola,2,2,1
2,0,0,collembola,2,2,1
2,0,0,collembola,2,1,2
19,0,0,collembola,2,2,1
19,0,0,collembola,2,2,1
19,0,0,collembola,2,1,1
25,0,0,collembola,2,2,2
25,0,0,collembola,2,2,1
27,0,0,collembola,2,1,1
27,0,0,collembola,2,1,1
27,0,0,collembola,2,1,1
27,0,0,collembola,2,1,2
27,0,0,collembola,2,1,2
27,0,0,collembola,2,2,1
27,0,0,collembola,2,2,2
27,0,0,collembola,2,1,1
27,0,0,collembola,2,1,2
2,0,0,collembola,3,1,2
2,0,0,collembola,3,2,1
2,0,0,collembola,3,1,1
19,0,0,collembola,3,2,2
19,0,0,collembola,3,2,1
25,0,0,collembola,3,2,1
25,0,0,collembola,3,2,1
25,0,0,collembola,3,2,1
25,0,0,collembola,3,1,2
27,0,0,collembola,3,1,1
27,0,0,collembola,3,2,1
25,0,0,collembola,4,2,1
5,0,1,collembola,1,1,1
5,0,1,collembola,1,1,1
5,0,1,collembola,1,2,1
5,0,1,collembola,1,1,1
5,0,1,collembola,1,1,1
5,0,1,collembola,1,1,1
5,0,1,collembola,1,2,1
9,0,1,collembola,1,2,2
9,0,1,collembola,1,1,1
13,0,1,collembola,1,1,1
13,0,1,collembola,1,2,1
13,0,1,collembola,1,1,2
13,0,1,collembola,1,1,1
13,0,1,collembola,1,1,1
13,0,1,collembola,1,2,2
13,0,1,collembola,1,2,1
13,0,1,collembola,1,1,1
16,0,1,collembola,1,1,2
16,0,1,collembola,1,2,2
16,0,1,collembola,1,2,2
16,0,1,collembola,1,2,1
5,0,1,collembola,2,1,1
5,0,1,collembola,2,1,1
5,0,1,collembola,2,2,2
5,0,1,collembola,2,2,2
5,0,1,collembola,2,1,1
5,0,1,collembola,2,2,1
5,0,1,collembola,2,2,1
5,0,1,collembola,2,2,1
9,0,1,collembola,2,1,1
9,0,1,collembola,2,1,1
9,0,1,collembola,2,2,2
9,0,1,collembola,2,2,1
9,0,1,collembola,2,2,1
9,0,1,collembola,2,2,1
9,0,1,collembola,2,2,1
9,0,1,collembola,2,2,1
9,0,1,collembola,2,2,1
13,0,1,collembola,2,2,1
16,0,1,collembola,2,1,1
16,0,1,collembola,2,2,1
5,0,1,collembola,3,1,1
5,0,1,collembola,3,1,1
5,0,1,collembola,3,2,2
5,0,1,collembola,3,2,1
5,0,1,collembola,3,1,1
9,0,1,collembola,3,1,1
9,0,1,collembola,3,2,2
9,0,1,collembola,3,1,2
13,0,1,collembola,3,1,1
16,0,1,collembola,3,1,2
16,0,1,collembola,3,2,2
1,1,0,collembola,1,1,2
1,1,0,collembola,1,1,1
1,1,0,collembola,1,1,1
1,1,0,collembola,1,2,1
1,1,0,collembola,1,1,1
1,1,0,collembola,1,1,1
6,1,0,collembola,1,1,1
6,1,0,collembola,1,1,2
6,1,0,collembola,1,1,1
6,1,0,collembola,1,2,2
6,1,0,collembola,1,2,2
6,1,0,collembola,1,2,1
15,1,0,collembola,1,1,1
15,1,0,collembola,1,1,1
15,1,0,collembola,1,2,1
15,1,0,collembola,1,2,1
15,1,0,collembola,1,1,2
15,1,0,collembola,1,1,1
15,1,0,collembola,1,1,1
15,1,0,collembola,1,2,1
15,1,0,collembola,1,2,1
15,1,0,collembola,1,1,1
20,1,0,collembola,1,1,2
20,1,0,collembola,1,1,2
20,1,0,collembola,1,2,2
20,1,0,collembola,1,2,1
20,1,0,collembola,1,1,1
20,1,0,collembola,1,2,2
20,1,0,collembola,1,2,2
20,1,0,collembola,1,2,2
20,1,0,collembola,1,2,2
20,1,0,collembola,1,2,2
20,1,0,collembola,1,2,1
20,1,0,collembola,1,2,1
1,1,0,collembola,2,1,1
1,1,0,collembola,2,1,1
1,1,0,collembola,2,2,2
1,1,0,collembola,2,2,1
1,1,0,collembola,2,1,2
1,1,0,collembola,2,1,2
1,1,0,collembola,2,1,1
1,1,0,collembola,2,2,2
1,1,0,collembola,2,2,2
1,1,0,collembola,2,1,1
1,1,0,collembola,2,1,1
1,1,0,collembola,2,2,1
6,1,0,collembola,2,1,2
6,1,0,collembola,2,1,2
6,1,0,collembola,2,1,1
6,1,0,collembola,2,2,2
6,1,0,collembola,2,1,1
6,1,0,collembola,2,1,2
6,1,0,collembola,2,2,2
6,1,0,collembola,2,2,2
6,1,0,collembola,2,2,1
6,1,0,collembola,2,1,2
6,1,0,collembola,2,1,2
6,1,0,collembola,2,1,1
6,1,0,collembola,2,1,1
6,1,0,collembola,2,1,1
6,1,0,collembola,2,2,1
6,1,0,collembola,2,2,1
15,1,0,collembola,2,1,1
15,1,0,collembola,2,2,2
15,1,0,collembola,2,2,2
15,1,0,collembola,2,2,1
15,1,0,collembola,2,1,2
15,1,0,collembola,2,2,1
15,1,0,collembola,2,2,1
15,1,0,collembola,2,2,1
20,1,0,collembola,2,2,1
20,1,0,collembola,2,1,2
20,1,0,collembola,2,1,2
20,1,0,collembola,2,2,1
20,1,0,collembola,2,2,1
1,1,0,collembola,3,2,2
1,1,0,collembola,3,1,2
1,1,0,collembola,3,1,2
1,1,0,collembola,3,2,2
1,1,0,collembola,3,2,1
6,1,0,collembola,3,1,2
6,1,0,collembola,3,2,2
6,1,0,collembola,3,1,1
6,1,0,collembola,3,1,1
15,1,0,collembola,3,1,1
15,1,0,collembola,3,1,1
15,1,0,collembola,3,1,2
20,1,0,collembola,3,1,2
20,1,0,collembola,3,1,1
20,1,0,collembola,3,2,1
1,1,0,collembola,4,1,2
1,1,0,collembola,4,1,2
1,1,0,collembola,4,1,2
1,1,0,collembola,4,1,2
1,1,0,collembola,4,2,2
1,1,0,collembola,4,1,2
6,1,0,collembola,4,1,2
6,1,0,collembola,4,1,2
8,1,1,collembola,1,2,1
8,1,1,collembola,1,1,1
8,1,1,collembola,1,1,1
8,1,1,collembola,1,1,1
8,1,1,collembola,1,2,2
8,1,1,collembola,1,1,1
8,1,1,collembola,1,1,1
8,1,1,collembola,1,2,1
8,1,1,collembola,1,1,1
10,1,1,collembola,1,1,2
10,1,1,collembola,1,2,1
10,1,1,collembola,1,1,1
10,1,1,collembola,1,1,1
10,1,1,collembola,1,2,2
10,1,1,collembola,1,2,2
10,1,1,collembola,1,2,1
10,1,1,collembola,1,1,1
10,1,1,collembola,1,1,1
10,1,1,collembola,1,1,1
12,1,1,collembola,1,1,1
12,1,1,collembola,1,2,1
12,1,1,collembola,1,2,1
12,1,1,collembola,1,2,1
12,1,1,collembola,1,1,2
12,1,1,collembola,1,1,2
12,1,1,collembola,1,1,2
12,1,1,collembola,1,1,1
12,1,1,collembola,1,2,2
12,1,1,collembola,1,2,1
12,1,1,collembola,1,2,1
12,1,1,collembola,1,2,1
12,1,1,collembola,1,2,1
26,1,1,collembola,1,2,1
26,1,1,collembola,1,1,2
26,1,1,collembola,1,2,1
26,1,1,collembola,1,1,2
26,1,1,collembola,1,1,1
26,1,1,collembola,1,1,1
26,1,1,collembola,1,2,1
26,1,1,collembola,1,2,1
8,1,1,collembola,2,1,2
8,1,1,collembola,2,1,2
8,1,1,collembola,2,1,2
8,1,1,collembola,2,2,1
8,1,1,collembola,2,1,2
8,1,1,collembola,2,2,2
8,1,1,collembola,2,2,2
8,1,1,collembola,2,1,1
8,1,1,collembola,2,1,1
10,1,1,collembola,2,1,2
10,1,1,collembola,2,2,2
10,1,1,collembola,2,2,1
10,1,1,collembola,2,1,1
10,1,1,collembola,2,1,1
10,1,1,collembola,2,1,1
10,1,1,collembola,2,2,1
10,1,1,collembola,2,1,1
10,1,1,collembola,2,1,1
10,1,1,collembola,2,1,2
10,1,1,collembola,2,1,2
10,1,1,collembola,2,2,2
10,1,1,collembola,2,2,2
12,1,1,collembola,2,2,1
12,1,1,collembola,2,1,2
12,1,1,collembola,2,2,1
12,1,1,collembola,2,1,1
12,1,1,collembola,2,1,1
12,1,1,collembola,2,1,1
12,1,1,collembola,2,1,2
12,1,1,collembola,2,2,2
26,1,1,collembola,2,1,2
26,1,1,collembola,2,1,2
26,1,1,collembola,2,1,1
26,1,1,collembola,2,2,1
26,1,1,collembola,2,2,1
8,1,1,collembola,3,1,2
8,1,1,collembola,3,1,2
8,1,1,collembola,3,1,1
10,1,1,collembola,3,1,2
12,1,1,collembola,3,1,2
12,1,1,collembola,3,1,1
26,1,1,collembola,3,1,2
26,1,1,collembola,3,2,2
2,0,0,curculionidae,4,2,2
25,0,0,elateridae,2,2,1
1,1,0,elateridae,3,2,1
26,1,1,elateridae,2,2,1
12,1,1,elateridae,3,2,1
26,1,1,elateridae,3,2,1
2,0,0,formicidae,1,2,1
2,0,0,formicidae,1,2,1
2,0,0,formicidae,1,2,1
2,0,0,formicidae,1,1,1
2,0,0,formicidae,1,2,1
19,0,0,formicidae,1,2,2
19,0,0,formicidae,1,2,1
19,0,0,formicidae,1,1,2
19,0,0,formicidae,1,1,1
19,0,0,formicidae,1,1,1
19,0,0,formicidae,1,1,1
19,0,0,formicidae,1,2,2
25,0,0,formicidae,1,1,2
25,0,0,formicidae,1,1,1
25,0,0,formicidae,1,1,2
25,0,0,formicidae,1,1,2
25,0,0,formicidae,1,1,1
25,0,0,formicidae,1,1,1
25,0,0,formicidae,1,1,1
25,0,0,formicidae,1,1,1
25,0,0,formicidae,1,1,1
25,0,0,formicidae,1,2,1
25,0,0,formicidae,1,1,2
25,0,0,formicidae,1,1,2
25,0,0,formicidae,1,1,1
25,0,0,formicidae,1,2,1
27,0,0,formicidae,1,1,1
27,0,0,formicidae,1,1,1
27,0,0,formicidae,1,2,1
27,0,0,formicidae,1,1,1
27,0,0,formicidae,1,1,1
27,0,0,formicidae,1,2,1
27,0,0,formicidae,1,1,1
2,0,0,formicidae,2,2,1
2,0,0,formicidae,2,1,2
2,0,0,formicidae,2,1,2
2,0,0,formicidae,2,2,2
2,0,0,formicidae,2,2,1
2,0,0,formicidae,2,2,1
2,0,0,formicidae,2,2,1
2,0,0,formicidae,2,1,1
19,0,0,formicidae,2,1,1
19,0,0,formicidae,2,1,2
19,0,0,formicidae,2,1,2
19,0,0,formicidae,2,1,2
19,0,0,formicidae,2,1,2
19,0,0,formicidae,2,1,2
19,0,0,formicidae,2,1,2
19,0,0,formicidae,2,1,1
19,0,0,formicidae,2,1,1
19,0,0,formicidae,2,2,1
25,0,0,formicidae,2,1,1
25,0,0,formicidae,2,1,1
25,0,0,formicidae,2,2,2
25,0,0,formicidae,2,1,2
25,0,0,formicidae,2,1,2
25,0,0,formicidae,2,1,2
25,0,0,formicidae,2,1,2
25,0,0,formicidae,2,1,1
25,0,0,formicidae,2,1,1
25,0,0,formicidae,2,2,1
25,0,0,formicidae,2,1,2
25,0,0,formicidae,2,1,2
27,0,0,formicidae,2,1,2
27,0,0,formicidae,2,1,2
27,0,0,formicidae,2,2,1
27,0,0,formicidae,2,2,1
27,0,0,formicidae,2,2,1
27,0,0,formicidae,2,1,2
2,0,0,formicidae,3,2,1
25,0,0,formicidae,3,1,2
25,0,0,formicidae,3,2,1
25,0,0,formicidae,3,2,1
25,0,0,formicidae,4,2,1
5,0,1,formicidae,1,2,1
5,0,1,formicidae,1,1,1
5,0,1,formicidae,1,1,1
9,0,1,formicidae,1,2,1
9,0,1,formicidae,1,1,2
9,0,1,formicidae,1,1,2
9,0,1,formicidae,1,2,1
9,0,1,formicidae,1,2,1
9,0,1,formicidae,1,2,1
13,0,1,formicidae,1,2,1
13,0,1,formicidae,1,1,2
13,0,1,formicidae,1,1,1
13,0,1,formicidae,1,1,1
13,0,1,formicidae,1,1,1
13,0,1,formicidae,1,2,1
16,0,1,formicidae,1,1,2
16,0,1,formicidae,1,1,2
16,0,1,formicidae,1,1,1
16,0,1,formicidae,1,1,1
16,0,1,formicidae,1,1,1
16,0,1,formicidae,1,2,1
16,0,1,formicidae,1,1,1
16,0,1,formicidae,1,2,1
5,0,1,formicidae,2,1,2
5,0,1,formicidae,2,1,2
5,0,1,formicidae,2,1,1
5,0,1,formicidae,2,1,1
5,0,1,formicidae,2,1,1
5,0,1,formicidae,2,1,1
9,0,1,formicidae,2,2,2
9,0,1,formicidae,2,2,1
9,0,1,formicidae,2,2,1
9,0,1,formicidae,2,1,2
9,0,1,formicidae,2,1,2
9,0,1,formicidae,2,2,1
9,0,1,formicidae,2,2,1
9,0,1,formicidae,2,1,2
9,0,1,formicidae,2,1,2
9,0,1,formicidae,2,1,2
9,0,1,formicidae,2,2,1
13,0,1,formicidae,2,2,1
13,0,1,formicidae,2,2,1
13,0,1,formicidae,2,1,2
13,0,1,formicidae,2,1,1
13,0,1,formicidae,2,1,1
13,0,1,formicidae,2,2,2
13,0,1,formicidae,2,2,1
16,0,1,formicidae,2,1,2
16,0,1,formicidae,2,1,2
16,0,1,formicidae,2,1,1
16,0,1,formicidae,2,1,1
16,0,1,formicidae,2,1,1
16,0,1,formicidae,2,2,1
5,0,1,formicidae,3,2,2
5,0,1,formicidae,3,2,2
5,0,1,formicidae,3,1,1
5,0,1,formicidae,3,2,1
5,0,1,formicidae,3,1,2
5,0,1,formicidae,3,1,1
9,0,1,formicidae,3,1,2
9,0,1,formicidae,3,2,2
16,0,1,formicidae,3,2,2
16,0,1,formicidae,3,2,1
16,0,1,formicidae,3,1,1
5,0,1,formicidae,4,1,2
5,0,1,formicidae,4,2,2
9,0,1,formicidae,4,1,2
1,1,0,formicidae,1,2,1
1,1,0,formicidae,1,2,1
1,1,0,formicidae,1,2,1
6,1,0,formicidae,1,1,1
6,1,0,formicidae,1,1,1
6,1,0,formicidae,1,2,1
6,1,0,formicidae,1,2,1
15,1,0,formicidae,1,1,1
15,1,0,formicidae,1,1,1
15,1,0,formicidae,1,1,1
15,1,0,formicidae,1,1,2
15,1,0,formicidae,1,1,2
15,1,0,formicidae,1,1,1
15,1,0,formicidae,1,2,2
15,1,0,formicidae,1,2,2
15,1,0,formicidae,1,2,2
15,1,0,formicidae,1,2,1
15,1,0,formicidae,1,2,1
15,1,0,formicidae,1,1,1
15,1,0,formicidae,1,1,1
15,1,0,formicidae,1,2,1
20,1,0,formicidae,1,2,1
20,1,0,formicidae,1,1,2
20,1,0,formicidae,1,1,2
20,1,0,formicidae,1,1,2
20,1,0,formicidae,1,1,1
20,1,0,formicidae,1,2,2
20,1,0,formicidae,1,2,2
20,1,0,formicidae,1,1,2
20,1,0,formicidae,1,1,2
20,1,0,formicidae,1,1,2
20,1,0,formicidae,1,1,2
20,1,0,formicidae,1,1,1
20,1,0,formicidae,1,2,1
20,1,0,formicidae,1,2,1
1,1,0,formicidae,2,2,1
1,1,0,formicidae,2,2,1
1,1,0,formicidae,2,2,1
1,1,0,formicidae,2,1,1
1,1,0,formicidae,2,2,2
1,1,0,formicidae,2,2,1
1,1,0,formicidae,2,2,1
1,1,0,formicidae,2,2,1
6,1,0,formicidae,2,2,2
6,1,0,formicidae,2,1,1
6,1,0,formicidae,2,1,1
15,1,0,formicidae,2,1,2
15,1,0,formicidae,2,1,2
15,1,0,formicidae,2,2,2
15,1,0,formicidae,2,2,2
15,1,0,formicidae,2,2,1
15,1,0,formicidae,2,2,2
15,1,0,formicidae,2,2,2
15,1,0,formicidae,2,2,1
15,1,0,formicidae,2,2,1
20,1,0,formicidae,2,1,2
20,1,0,formicidae,2,1,1
20,1,0,formicidae,2,2,2
20,1,0,formicidae,2,2,1
20,1,0,formicidae,2,1,1
20,1,0,formicidae,2,1,2
1,1,0,formicidae,3,2,2
1,1,0,formicidae,3,2,1
1,1,0,formicidae,3,2,1
1,1,0,formicidae,3,1,2
1,1,0,formicidae,3,1,2
1,1,0,formicidae,3,1,1
1,1,0,formicidae,3,2,2
15,1,0,formicidae,3,2,2
20,1,0,formicidae,3,2,1
20,1,0,formicidae,3,1,1
6,1,0,formicidae,4,1,2
8,1,1,formicidae,1,2,2
8,1,1,formicidae,1,2,2
8,1,1,formicidae,1,2,1
8,1,1,formicidae,1,1,1
8,1,1,formicidae,1,1,1
8,1,1,formicidae,1,2,1
8,1,1,formicidae,1,2,1
10,1,1,formicidae,1,1,1
10,1,1,formicidae,1,2,2
10,1,1,formicidae,1,2,1
10,1,1,formicidae,1,2,1
10,1,1,formicidae,1,1,1
12,1,1,formicidae,1,1,2
12,1,1,formicidae,1,2,2
12,1,1,formicidae,1,1,2
26,1,1,formicidae,1,1,1
26,1,1,formicidae,1,2,2
26,1,1,formicidae,1,2,1
26,1,1,formicidae,1,2,1
26,1,1,formicidae,1,2,1
26,1,1,formicidae,1,2,1
26,1,1,formicidae,1,1,2
26,1,1,formicidae,1,1,1
26,1,1,formicidae,1,1,1
26,1,1,formicidae,1,2,1
26,1,1,formicidae,1,2,1
26,1,1,formicidae,1,1,1
8,1,1,formicidae,2,2,1
8,1,1,formicidae,2,2,1
8,1,1,formicidae,2,2,1
8,1,1,formicidae,2,1,1
8,1,1,formicidae,2,1,1
8,1,1,formicidae,2,1,1
8,1,1,formicidae,2,1,2
8,1,1,formicidae,2,1,2
8,1,1,formicidae,2,1,2
8,1,1,formicidae,2,1,2
8,1,1,formicidae,2,1,1
8,1,1,formicidae,2,2,1
10,1,1,formicidae,2,1,1
10,1,1,formicidae,2,1,2
10,1,1,formicidae,2,1,1
10,1,1,formicidae,2,1,1
10,1,1,formicidae,2,2,2
10,1,1,formicidae,2,2,1
10,1,1,formicidae,2,1,2
10,1,1,formicidae,2,1,2
10,1,1,formicidae,2,2,1
10,1,1,formicidae,2,2,1
12,1,1,formicidae,2,2,1
12,1,1,formicidae,2,2,1
12,1,1,formicidae,2,2,1
12,1,1,formicidae,2,2,1
12,1,1,formicidae,2,1,2
12,1,1,formicidae,2,1,1
12,1,1,formicidae,2,1,2
12,1,1,formicidae,2,2,1
26,1,1,formicidae,2,1,2
26,1,1,formicidae,2,1,2
26,1,1,formicidae,2,1,2
26,1,1,formicidae,2,1,2
26,1,1,formicidae,2,1,1
26,1,1,formicidae,2,1,1
26,1,1,formicidae,2,1,2
26,1,1,formicidae,2,1,1
26,1,1,formicidae,2,2,1
26,1,1,formicidae,2,2,1
26,1,1,formicidae,2,2,1
8,1,1,formicidae,3,1,2
8,1,1,formicidae,3,1,2
8,1,1,formicidae,3,1,2
10,1,1,formicidae,3,1,1
12,1,1,formicidae,3,1,1
12,1,1,formicidae,3,2,1
12,1,1,formicidae,3,1,1
26,1,1,formicidae,3,2,2
12,1,1,formicidae,4,1,2
26,1,1,formicidae,4,1,1
16,0,1,geophilomorpha,4,1,2
5,0,1,gryllidae,4,2,2
1,1,0,gryllidae,1,2,1
1,1,0,gryllidae,4,2,2
12,1,1,gryllidae,2,1,1
10,1,1,gryllidae,3,2,1
12,1,1,gryllidae,3,2,2
12,1,1,gryllidae,3,2,1
19,0,0,isopoda,1,1,1
2,0,0,isopoda,2,2,1
19,0,0,isopoda,2,1,1
19,0,0,isopoda,2,2,1
19,0,0,isopoda,2,2,1
19,0,0,isopoda,2,2,1
5,0,1,isopoda,1,1,1
5,0,1,isopoda,4,2,2
1,1,0,isopoda,1,1,1
20,1,0,isopoda,1,1,2
20,1,0,isopoda,1,2,1
20,1,0,isopoda,1,2,1
1,1,0,isopoda,2,1,1
1,1,0,isopoda,2,2,1
6,1,0,isopoda,2,1,1
6,1,0,isopoda,2,1,1
6,1,0,isopoda,2,1,1
6,1,0,isopoda,2,1,1
6,1,0,isopoda,2,1,1
6,1,0,isopoda,2,1,1
6,1,0,isopoda,2,2,1
6,1,0,isopoda,2,2,1
6,1,0,isopoda,2,2,1
20,1,0,isopoda,2,1,2
20,1,0,isopoda,2,1,2
20,1,0,isopoda,2,2,2
20,1,0,isopoda,2,1,1
20,1,0,isopoda,2,2,1
1,1,0,isopoda,3,1,1
6,1,0,isopoda,3,2,2
6,1,0,isopoda,3,2,1
6,1,0,isopoda,3,1,1
6,1,0,isopoda,3,2,1
15,1,0,isopoda,3,1,1
20,1,0,isopoda,3,1,2
20,1,0,isopoda,3,1,1
20,1,0,isopoda,4,1,1
26,1,1,isopoda,1,1,1
26,1,1,isopoda,2,2,1
26,1,1,isopoda,2,1,1
26,1,1,isopoda,2,1,1
2,0,0,julidae,1,1,1
2,0,0,julidae,1,1,1
2,0,0,julidae,1,1,1
2,0,0,julidae,1,2,1
2,0,0,julidae,1,1,1
2,0,0,julidae,1,2,1
2,0,0,julidae,1,2,1
19,0,0,julidae,1,1,2
19,0,0,julidae,1,1,1
19,0,0,julidae,1,2,1
19,0,0,julidae,1,1,1
19,0,0,julidae,1,1,1
25,0,0,julidae,1,1,1
27,0,0,julidae,1,1,1
27,0,0,julidae,1,1,1
27,0,0,julidae,1,1,2
2,0,0,julidae,2,2,1
2,0,0,julidae,2,2,1
2,0,0,julidae,2,2,1
2,0,0,julidae,2,2,1
19,0,0,julidae,2,1,1
19,0,0,julidae,2,2,1
27,0,0,julidae,2,1,2
2,0,0,julidae,3,1,2
19,0,0,julidae,3,2,1
19,0,0,julidae,3,1,1
27,0,0,julidae,3,1,1
27,0,0,julidae,3,1,1
27,0,0,julidae,3,1,2
27,0,0,julidae,4,1,2
5,0,1,julidae,1,2,1
5,0,1,julidae,1,1,1
9,0,1,julidae,1,1,1
16,0,1,julidae,1,1,2
16,0,1,julidae,1,1,2
16,0,1,julidae,1,2,1
5,0,1,julidae,2,2,1
5,0,1,julidae,2,1,2
5,0,1,julidae,2,1,2
5,0,1,julidae,2,2,1
16,0,1,julidae,2,1,2
5,0,1,julidae,3,1,1
9,0,1,julidae,3,2,2
9,0,1,julidae,4,2,2
20,1,0,julidae,1,2,2
20,1,0,julidae,1,1,2
20,1,0,julidae,1,1,2
20,1,0,julidae,1,1,1
20,1,0,julidae,1,2,1
20,1,0,julidae,1,2,1
1,1,0,julidae,2,1,2
6,1,0,julidae,2,1,2
6,1,0,julidae,2,2,2
6,1,0,julidae,2,1,2
6,1,0,julidae,2,1,1
6,1,0,julidae,2,2,2
20,1,0,julidae,2,1,2
20,1,0,julidae,2,1,2
20,1,0,julidae,2,1,2
20,1,0,julidae,2,1,1
20,1,0,julidae,2,2,1
20,1,0,julidae,3,1,1
10,1,1,julidae,1,2,2
8,1,1,julidae,2,2,2
8,1,1,julidae,2,2,2
8,1,1,julidae,2,2,1
10,1,1,julidae,2,2,2
10,1,1,julidae,2,2,2
12,1,1,julidae,2,2,2
26,1,1,julidae,2,2,1
26,1,1,julidae,2,2,1
8,1,1,julidae,3,1,1
8,1,1,julidae,3,2,2
10,1,1,julidae,3,2,2
19,0,0,lithobiomorpha,1,2,1
19,0,0,lithobiomorpha,1,2,2
19,0,0,lithobiomorpha,1,2,1
19,0,0,lithobiomorpha,1,2,1
25,0,0,lithobiomorpha,1,1,1
25,0,0,lithobiomorpha,1,2,1
27,0,0,lithobiomorpha,1,2,1
27,0,0,lithobiomorpha,1,1,1
27,0,0,lithobiomorpha,1,2,2
2,0,0,lithobiomorpha,2,2,1
19,0,0,lithobiomorpha,2,1,1
19,0,0,lithobiomorpha,2,1,2
19,0,0,lithobiomorpha,2,2,1
27,0,0,lithobiomorpha,2,2,1
27,0,0,lithobiomorpha,2,2,1
27,0,0,lithobiomorpha,2,2,1
19,0,0,lithobiomorpha,3,2,1
25,0,0,lithobiomorpha,3,1,1
27,0,0,lithobiomorpha,3,2,1
27,0,0,lithobiomorpha,3,1,1
5,0,1,lithobiomorpha,1,2,1
9,0,1,lithobiomorpha,1,1,1
9,0,1,lithobiomorpha,1,1,1
13,0,1,lithobiomorpha,1,2,2
13,0,1,lithobiomorpha,1,2,1
13,0,1,lithobiomorpha,1,2,1
16,0,1,lithobiomorpha,1,2,1
16,0,1,lithobiomorpha,1,2,1
5,0,1,lithobiomorpha,2,1,2
5,0,1,lithobiomorpha,2,1,1
5,0,1,lithobiomorpha,2,1,1
9,0,1,lithobiomorpha,2,2,1
13,0,1,lithobiomorpha,2,1,1
16,0,1,lithobiomorpha,2,2,1
16,0,1,lithobiomorpha,2,1,1
16,0,1,lithobiomorpha,2,2,1
5,0,1,lithobiomorpha,4,1,2
9,0,1,lithobiomorpha,4,1,2
16,0,1,lithobiomorpha,4,1,2
1,1,0,lithobiomorpha,1,1,1
1,1,0,lithobiomorpha,1,2,1
6,1,0,lithobiomorpha,1,1,1
6,1,0,lithobiomorpha,1,2,1
6,1,0,lithobiomorpha,1,2,1
15,1,0,lithobiomorpha,1,1,1
15,1,0,lithobiomorpha,1,1,1
15,1,0,lithobiomorpha,1,2,1
20,1,0,lithobiomorpha,1,2,2
1,1,0,lithobiomorpha,2,1,1
1,1,0,lithobiomorpha,2,1,2
1,1,0,lithobiomorpha,2,2,1
6,1,0,lithobiomorpha,2,1,2
6,1,0,lithobiomorpha,2,1,1
15,1,0,lithobiomorpha,2,1,1
15,1,0,lithobiomorpha,2,2,1
15,1,0,lithobiomorpha,2,2,1
20,1,0,lithobiomorpha,2,1,1
20,1,0,lithobiomorpha,2,2,1
20,1,0,lithobiomorpha,2,2,1
6,1,0,lithobiomorpha,3,1,1
6,1,0,lithobiomorpha,4,2,1
8,1,1,lithobiomorpha,1,1,1
10,1,1,lithobiomorpha,1,2,1
10,1,1,lithobiomorpha,1,2,2
12,1,1,lithobiomorpha,1,1,1
12,1,1,lithobiomorpha,1,2,2
12,1,1,lithobiomorpha,1,2,1
12,1,1,lithobiomorpha,1,2,1
26,1,1,lithobiomorpha,1,1,1
26,1,1,lithobiomorpha,1,1,1
8,1,1,lithobiomorpha,2,2,1
8,1,1,lithobiomorpha,2,2,1
8,1,1,lithobiomorpha,2,1,1
8,1,1,lithobiomorpha,2,1,1
10,1,1,lithobiomorpha,2,1,2
10,1,1,lithobiomorpha,2,1,1
10,1,1,lithobiomorpha,2,2,1
26,1,1,lithobiomorpha,2,2,2
26,1,1,lithobiomorpha,2,2,2
26,1,1,lithobiomorpha,2,1,1
10,1,1,lithobiomorpha,3,1,1
10,1,1,lithobiomorpha,3,2,1
10,1,1,lithobiomorpha,3,2,1
12,1,1,lithobiomorpha,3,1,1
26,1,1,lithobiomorpha,3,2,1
26,1,1,lithobiomorpha,3,1,1
26,1,1,lithobiomorpha,3,2,1
12,1,1,lithobiomorpha,4,2,1
16,0,1,nitidulidae,2,1,2
8,1,1,nitidulidae,1,1,1
2,0,0,opiliones,2,1,1
19,0,0,opiliones,2,2,2
19,0,0,opiliones,2,2,2
25,0,0,opiliones,2,2,2
19,0,0,opiliones,3,2,2
25,0,0,opiliones,3,2,2
27,0,0,opiliones,3,2,2
27,0,0,opiliones,3,2,2
2,0,0,opiliones,4,1,2
2,0,0,opiliones,4,1,1
2,0,0,opiliones,4,2,2
2,0,0,opiliones,4,2,2
2,0,0,opiliones,4,1,1
19,0,0,opiliones,4,1,1
19,0,0,opiliones,4,2,1
27,0,0,opiliones,4,1,1
16,0,1,opiliones,2,1,2
16,0,1,opiliones,2,1,2
9,0,1,opiliones,3,1,1
16,0,1,opiliones,3,1,2
9,0,1,opiliones,4,1,1
13,0,1,opiliones,4,2,2
13,0,1,opiliones,4,2,1
13,0,1,opiliones,4,1,1
16,0,1,opiliones,4,1,1
16,0,1,opiliones,4,1,1
1,1,0,opiliones,2,1,1
1,1,0,opiliones,3,2,2
1,1,0,opiliones,3,1,1
6,1,0,opiliones,3,2,1
15,1,0,opiliones,3,2,1
15,1,0,opiliones,3,1,2
1,1,0,opiliones,4,1,2
1,1,0,opiliones,4,2,2
1,1,0,opiliones,4,2,2
1,1,0,opiliones,4,1,2
1,1,0,opiliones,4,2,2
1,1,0,opiliones,4,1,2
8,1,1,opiliones,1,1,1
8,1,1,opiliones,2,1,2
10,1,1,opiliones,2,1,1
26,1,1,opiliones,2,1,1
8,1,1,opiliones,3,2,1
8,1,1,opiliones,3,1,1
8,1,1,opiliones,3,1,2
8,1,1,opiliones,3,2,1
10,1,1,opiliones,3,2,1
12,1,1,opiliones,3,1,2
12,1,1,opiliones,3,2,2
26,1,1,opiliones,3,2,2
8,1,1,opiliones,4,1,1
8,1,1,opiliones,4,1,2
8,1,1,opiliones,4,1,2
8,1,1,opiliones,4,2,2
8,1,1,opiliones,4,2,2
8,1,1,opiliones,4,2,1
10,1,1,opiliones,4,2,2
10,1,1,opiliones,4,2,1
10,1,1,opiliones,4,2,1
10,1,1,opiliones,4,2,1
10,1,1,opiliones,4,1,2
10,1,1,opiliones,4,2,1
10,1,1,opiliones,4,2,1
26,1,1,opiliones,4,1,1
26,1,1,opiliones,4,2,2
26,1,1,opiliones,4,2,2
26,1,1,opiliones,4,2,2
2,0,0,paradoxosomatidae,2,1,1
2,0,0,paradoxosomatidae,2,2,1
2,0,0,paradoxosomatidae,2,2,1
2,0,0,paradoxosomatidae,2,2,1
2,0,0,paradoxosomatidae,2,2,1
25,0,0,paradoxosomatidae,2,2,2
25,0,0,paradoxosomatidae,2,2,1
25,0,0,paradoxosomatidae,2,2,1
25,0,0,paradoxosomatidae,2,2,1
2,0,0,paradoxosomatidae,3,2,2
2,0,0,paradoxosomatidae,3,1,2
2,0,0,paradoxosomatidae,3,2,2
2,0,0,paradoxosomatidae,3,2,2
2,0,0,paradoxosomatidae,3,2,2
25,0,0,paradoxosomatidae,3,1,1
25,0,0,paradoxosomatidae,3,2,1
27,0,0,paradoxosomatidae,3,1,1
2,0,0,paradoxosomatidae,4,1,2
2,0,0,paradoxosomatidae,4,1,2
2,0,0,paradoxosomatidae,4,1,2
2,0,0,paradoxosomatidae,4,1,2
2,0,0,paradoxosomatidae,4,1,2
2,0,0,paradoxosomatidae,4,1,2
2,0,0,paradoxosomatidae,4,1,2
2,0,0,paradoxosomatidae,4,1,2
2,0,0,paradoxosomatidae,4,1,2
2,0,0,paradoxosomatidae,4,1,2
2,0,0,paradoxosomatidae,4,1,2
2,0,0,paradoxosomatidae,4,1,2
2,0,0,paradoxosomatidae,4,1,2
2,0,0,paradoxosomatidae,4,1,2
2,0,0,paradoxosomatidae,4,1,2
2,0,0,paradoxosomatidae,4,2,2
2,0,0,paradoxosomatidae,4,2,2
2,0,0,paradoxosomatidae,4,2,2
2,0,0,paradoxosomatidae,4,2,2
2,0,0,paradoxosomatidae,4,2,2
2,0,0,paradoxosomatidae,4,2,2
2,0,0,paradoxosomatidae,4,2,2
2,0,0,paradoxosomatidae,4,2,2
2,0,0,paradoxosomatidae,4,2,2
2,0,0,paradoxosomatidae,4,2,2
2,0,0,paradoxosomatidae,4,2,2
2,0,0,paradoxosomatidae,4,2,2
2,0,0,paradoxosomatidae,4,2,2
2,0,0,paradoxosomatidae,4,2,2
2,0,0,paradoxosomatidae,4,2,2
2,0,0,paradoxosomatidae,4,1,2
2,0,0,paradoxosomatidae,4,1,2
2,0,0,paradoxosomatidae,4,1,2
2,0,0,paradoxosomatidae,4,1,2
2,0,0,paradoxosomatidae,4,1,2
2,0,0,paradoxosomatidae,4,1,2
2,0,0,paradoxosomatidae,4,1,2
2,0,0,paradoxosomatidae,4,1,2
2,0,0,paradoxosomatidae,4,1,2
2,0,0,paradoxosomatidae,4,2,2
2,0,0,paradoxosomatidae,4,2,2
2,0,0,paradoxosomatidae,4,2,2
2,0,0,paradoxosomatidae,4,2,2
2,0,0,paradoxosomatidae,4,2,2
2,0,0,paradoxosomatidae,4,2,2
2,0,0,paradoxosomatidae,4,1,2
2,0,0,paradoxosomatidae,4,1,2
2,0,0,paradoxosomatidae,4,1,2
2,0,0,paradoxosomatidae,4,1,2
2,0,0,paradoxosomatidae,4,1,2
2,0,0,paradoxosomatidae,4,1,2
2,0,0,paradoxosomatidae,4,1,2
2,0,0,paradoxosomatidae,4,2,2
2,0,0,paradoxosomatidae,4,2,2
2,0,0,paradoxosomatidae,4,2,2
2,0,0,paradoxosomatidae,4,2,2
2,0,0,paradoxosomatidae,4,2,2
2,0,0,paradoxosomatidae,4,2,2
2,0,0,paradoxosomatidae,4,2,2
19,0,0,paradoxosomatidae,4,1,2
27,0,0,paradoxosomatidae,4,2,2
5,0,1,paradoxosomatidae,1,1,1
13,0,1,paradoxosomatidae,1,1,1
16,0,1,paradoxosomatidae,1,2,1
16,0,1,paradoxosomatidae,1,2,1
5,0,1,paradoxosomatidae,2,2,1
5,0,1,paradoxosomatidae,2,2,1
13,0,1,paradoxosomatidae,2,1,1
13,0,1,paradoxosomatidae,2,1,1
13,0,1,paradoxosomatidae,2,2,2
13,0,1,paradoxosomatidae,2,2,1
13,0,1,paradoxosomatidae,2,2,1
13,0,1,paradoxosomatidae,2,2,1
13,0,1,paradoxosomatidae,2,2,1
13,0,1,paradoxosomatidae,2,2,1
16,0,1,paradoxosomatidae,2,2,1
16,0,1,paradoxosomatidae,2,1,1
16,0,1,paradoxosomatidae,2,1,1
16,0,1,paradoxosomatidae,2,1,1
16,0,1,paradoxosomatidae,2,1,1
16,0,1,paradoxosomatidae,2,2,1
16,0,1,paradoxosomatidae,2,2,1
5,0,1,paradoxosomatidae,3,1,1
5,0,1,paradoxosomatidae,3,2,2
13,0,1,paradoxosomatidae,3,2,2
13,0,1,paradoxosomatidae,3,2,2
13,0,1,paradoxosomatidae,3,2,2
13,0,1,paradoxosomatidae,3,2,2
13,0,1,paradoxosomatidae,3,1,2
13,0,1,paradoxosomatidae,3,1,2
13,0,1,paradoxosomatidae,3,1,1
13,0,1,paradoxosomatidae,3,2,2
13,0,1,paradoxosomatidae,3,2,2
13,0,1,paradoxosomatidae,3,2,2
13,0,1,paradoxosomatidae,3,2,1
13,0,1,paradoxosomatidae,3,2,1
13,0,1,paradoxosomatidae,3,2,1
16,0,1,paradoxosomatidae,3,2,2
16,0,1,paradoxosomatidae,3,2,1
16,0,1,paradoxosomatidae,3,1,2
16,0,1,paradoxosomatidae,3,2,2
16,0,1,paradoxosomatidae,3,2,1
16,0,1,paradoxosomatidae,3,2,1
16,0,1,paradoxosomatidae,3,2,1
5,0,1,paradoxosomatidae,4,1,2
5,0,1,paradoxosomatidae,4,2,2
5,0,1,paradoxosomatidae,4,1,2
5,0,1,paradoxosomatidae,4,1,2
5,0,1,paradoxosomatidae,4,2,2
5,0,1,paradoxosomatidae,4,1,2
9,0,1,paradoxosomatidae,4,2,1
13,0,1,paradoxosomatidae,4,1,2
13,0,1,paradoxosomatidae,4,1,2
13,0,1,paradoxosomatidae,4,1,2
13,0,1,paradoxosomatidae,4,1,2
13,0,1,paradoxosomatidae,4,1,2
13,0,1,paradoxosomatidae,4,1,2
13,0,1,paradoxosomatidae,4,1,2
13,0,1,paradoxosomatidae,4,2,2
13,0,1,paradoxosomatidae,4,2,2
13,0,1,paradoxosomatidae,4,2,2
13,0,1,paradoxosomatidae,4,2,2
13,0,1,paradoxosomatidae,4,2,2
13,0,1,paradoxosomatidae,4,2,2
13,0,1,paradoxosomatidae,4,2,2
13,0,1,paradoxosomatidae,4,2,2
13,0,1,paradoxosomatidae,4,2,2
13,0,1,paradoxosomatidae,4,2,2
13,0,1,paradoxosomatidae,4,2,2
13,0,1,paradoxosomatidae,4,2,2
13,0,1,paradoxosomatidae,4,2,2
13,0,1,paradoxosomatidae,4,1,2
13,0,1,paradoxosomatidae,4,1,2
13,0,1,paradoxosomatidae,4,1,2
13,0,1,paradoxosomatidae,4,2,2
13,0,1,paradoxosomatidae,4,2,2
13,0,1,paradoxosomatidae,4,2,2
13,0,1,paradoxosomatidae,4,2,2
13,0,1,paradoxosomatidae,4,2,2
16,0,1,paradoxosomatidae,4,1,2
16,0,1,paradoxosomatidae,4,2,2
16,0,1,paradoxosomatidae,4,2,2
16,0,1,paradoxosomatidae,4,1,2
16,0,1,paradoxosomatidae,4,2,2
16,0,1,paradoxosomatidae,4,2,2
16,0,1,paradoxosomatidae,4,2,2
16,0,1,paradoxosomatidae,4,2,1
16,0,1,paradoxosomatidae,4,2,1
15,1,0,paradoxosomatidae,1,2,1
1,1,0,paradoxosomatidae,2,1,1
1,1,0,paradoxosomatidae,2,1,2
1,1,0,paradoxosomatidae,2,1,1
1,1,0,paradoxosomatidae,2,1,1
1,1,0,paradoxosomatidae,2,1,1
1,1,0,paradoxosomatidae,2,1,1
1,1,0,paradoxosomatidae,2,2,1
1,1,0,paradoxosomatidae,2,2,1
1,1,0,paradoxosomatidae,2,2,1
6,1,0,paradoxosomatidae,2,1,2
6,1,0,paradoxosomatidae,2,2,2
6,1,0,paradoxosomatidae,2,2,1
6,1,0,paradoxosomatidae,2,1,1
6,1,0,paradoxosomatidae,2,2,1
6,1,0,paradoxosomatidae,2,2,1
6,1,0,paradoxosomatidae,2,2,1
15,1,0,paradoxosomatidae,2,2,2
15,1,0,paradoxosomatidae,2,2,1
15,1,0,paradoxosomatidae,2,2,1
15,1,0,paradoxosomatidae,2,1,1
15,1,0,paradoxosomatidae,2,2,1
15,1,0,paradoxosomatidae,2,2,1
15,1,0,paradoxosomatidae,2,1,1
15,1,0,paradoxosomatidae,2,1,1
15,1,0,paradoxosomatidae,2,2,1
15,1,0,paradoxosomatidae,2,1,2
15,1,0,paradoxosomatidae,2,1,1
15,1,0,paradoxosomatidae,2,1,1
15,1,0,paradoxosomatidae,2,1,1
15,1,0,paradoxosomatidae,2,2,2
15,1,0,paradoxosomatidae,2,2,1
20,1,0,paradoxosomatidae,2,2,2
20,1,0,paradoxosomatidae,2,1,2
20,1,0,paradoxosomatidae,2,1,2
20,1,0,paradoxosomatidae,2,2,1
1,1,0,paradoxosomatidae,3,2,2
1,1,0,paradoxosomatidae,3,1,1
1,1,0,paradoxosomatidae,3,1,1
1,1,0,paradoxosomatidae,3,1,1
1,1,0,paradoxosomatidae,3,1,2
1,1,0,paradoxosomatidae,3,1,2
1,1,0,paradoxosomatidae,3,1,2
1,1,0,paradoxosomatidae,3,1,2
1,1,0,paradoxosomatidae,3,1,2
1,1,0,paradoxosomatidae,3,1,2
1,1,0,paradoxosomatidae,3,2,2
1,1,0,paradoxosomatidae,3,2,1
1,1,0,paradoxosomatidae,3,2,1
1,1,0,paradoxosomatidae,3,2,1
1,1,0,paradoxosomatidae,3,2,1
1,1,0,paradoxosomatidae,3,2,1
1,1,0,paradoxosomatidae,3,2,1
1,1,0,paradoxosomatidae,3,2,1
6,1,0,paradoxosomatidae,3,1,2
6,1,0,paradoxosomatidae,3,1,2
6,1,0,paradoxosomatidae,3,1,2
6,1,0,paradoxosomatidae,3,2,2
6,1,0,paradoxosomatidae,3,2,1
15,1,0,paradoxosomatidae,3,2,2
15,1,0,paradoxosomatidae,3,2,2
15,1,0,paradoxosomatidae,3,2,2
15,1,0,paradoxosomatidae,3,1,1
15,1,0,paradoxosomatidae,3,1,1
15,1,0,paradoxosomatidae,3,1,2
15,1,0,paradoxosomatidae,3,2,2
15,1,0,paradoxosomatidae,3,2,2
15,1,0,paradoxosomatidae,3,1,1
15,1,0,paradoxosomatidae,3,2,1
15,1,0,paradoxosomatidae,3,2,1
20,1,0,paradoxosomatidae,3,1,2
20,1,0,paradoxosomatidae,3,1,2
1,1,0,paradoxosomatidae,4,1,2
1,1,0,paradoxosomatidae,4,1,2
1,1,0,paradoxosomatidae,4,1,2
1,1,0,paradoxosomatidae,4,1,2
1,1,0,paradoxosomatidae,4,1,2
1,1,0,paradoxosomatidae,4,1,2
1,1,0,paradoxosomatidae,4,1,2
1,1,0,paradoxosomatidae,4,1,2
1,1,0,paradoxosomatidae,4,1,2
1,1,0,paradoxosomatidae,4,1,2
1,1,0,paradoxosomatidae,4,1,2
1,1,0,paradoxosomatidae,4,1,2
1,1,0,paradoxosomatidae,4,1,2
1,1,0,paradoxosomatidae,4,2,2
1,1,0,paradoxosomatidae,4,2,2
1,1,0,paradoxosomatidae,4,2,2
1,1,0,paradoxosomatidae,4,2,2
1,1,0,paradoxosomatidae,4,2,2
1,1,0,paradoxosomatidae,4,2,2
1,1,0,paradoxosomatidae,4,2,2
1,1,0,paradoxosomatidae,4,2,2
1,1,0,paradoxosomatidae,4,2,2
1,1,0,paradoxosomatidae,4,2,2
1,1,0,paradoxosomatidae,4,2,2
1,1,0,paradoxosomatidae,4,2,2
1,1,0,paradoxosomatidae,4,2,2
1,1,0,paradoxosomatidae,4,2,2
1,1,0,paradoxosomatidae,4,2,2
1,1,0,paradoxosomatidae,4,2,2
1,1,0,paradoxosomatidae,4,2,2
1,1,0,paradoxosomatidae,4,1,2
1,1,0,paradoxosomatidae,4,1,2
1,1,0,paradoxosomatidae,4,1,2
1,1,0,paradoxosomatidae,4,1,2
1,1,0,paradoxosomatidae,4,1,2
1,1,0,paradoxosomatidae,4,2,2
1,1,0,paradoxosomatidae,4,2,2
1,1,0,paradoxosomatidae,4,2,2
1,1,0,paradoxosomatidae,4,2,2
1,1,0,paradoxosomatidae,4,2,2
1,1,0,paradoxosomatidae,4,2,2
1,1,0,paradoxosomatidae,4,2,2
1,1,0,paradoxosomatidae,4,2,2
1,1,0,paradoxosomatidae,4,2,1
1,1,0,paradoxosomatidae,4,2,1
1,1,0,paradoxosomatidae,4,1,2
1,1,0,paradoxosomatidae,4,1,2
1,1,0,paradoxosomatidae,4,1,2
1,1,0,paradoxosomatidae,4,1,2
1,1,0,paradoxosomatidae,4,1,2
1,1,0,paradoxosomatidae,4,1,2
1,1,0,paradoxosomatidae,4,1,2
1,1,0,paradoxosomatidae,4,2,2
1,1,0,paradoxosomatidae,4,2,2
1,1,0,paradoxosomatidae,4,2,2
1,1,0,paradoxosomatidae,4,2,2
1,1,0,paradoxosomatidae,4,2,2
1,1,0,paradoxosomatidae,4,2,2
6,1,0,paradoxosomatidae,4,2,2
6,1,0,paradoxosomatidae,4,2,2
6,1,0,paradoxosomatidae,4,2,2
6,1,0,paradoxosomatidae,4,1,2
6,1,0,paradoxosomatidae,4,2,2
15,1,0,paradoxosomatidae,4,1,2
15,1,0,paradoxosomatidae,4,1,2
15,1,0,paradoxosomatidae,4,1,1
15,1,0,paradoxosomatidae,4,1,2
15,1,0,paradoxosomatidae,4,1,1
15,1,0,paradoxosomatidae,4,2,2
20,1,0,paradoxosomatidae,4,2,1
8,1,1,paradoxosomatidae,1,2,1
8,1,1,paradoxosomatidae,1,1,1
8,1,1,paradoxosomatidae,1,2,1
10,1,1,paradoxosomatidae,1,1,1
8,1,1,paradoxosomatidae,2,1,1
8,1,1,paradoxosomatidae,2,1,1
8,1,1,paradoxosomatidae,2,1,1
8,1,1,paradoxosomatidae,2,1,1
8,1,1,paradoxosomatidae,2,1,1
8,1,1,paradoxosomatidae,2,2,1
8,1,1,paradoxosomatidae,2,1,1
8,1,1,paradoxosomatidae,2,1,1
8,1,1,paradoxosomatidae,2,1,1
8,1,1,paradoxosomatidae,2,2,1
8,1,1,paradoxosomatidae,2,2,1
8,1,1,paradoxosomatidae,2,2,1
10,1,1,paradoxosomatidae,2,2,2
26,1,1,paradoxosomatidae,2,2,1
26,1,1,paradoxosomatidae,2,2,2
26,1,1,paradoxosomatidae,2,2,2
26,1,1,paradoxosomatidae,2,2,1
8,1,1,paradoxosomatidae,3,1,1
8,1,1,paradoxosomatidae,3,1,1
8,1,1,paradoxosomatidae,3,1,1
8,1,1,paradoxosomatidae,3,1,1
8,1,1,paradoxosomatidae,3,1,1
8,1,1,paradoxosomatidae,3,2,2
8,1,1,paradoxosomatidae,3,2,2
8,1,1,paradoxosomatidae,3,2,1
8,1,1,paradoxosomatidae,3,2,1
8,1,1,paradoxosomatidae,3,1,2
8,1,1,paradoxosomatidae,3,2,1
8,1,1,paradoxosomatidae,3,1,2
8,1,1,paradoxosomatidae,3,1,1
8,1,1,paradoxosomatidae,3,2,1
10,1,1,paradoxosomatidae,3,2,1
12,1,1,paradoxosomatidae,3,1,1
26,1,1,paradoxosomatidae,3,1,2
26,1,1,paradoxosomatidae,3,1,2
26,1,1,paradoxosomatidae,3,1,2
26,1,1,paradoxosomatidae,3,2,2
26,1,1,paradoxosomatidae,3,1,2
26,1,1,paradoxosomatidae,3,2,2
26,1,1,paradoxosomatidae,3,2,2
26,1,1,paradoxosomatidae,3,2,2
26,1,1,paradoxosomatidae,3,2,2
8,1,1,paradoxosomatidae,4,1,1
8,1,1,paradoxosomatidae,4,1,2
8,1,1,paradoxosomatidae,4,1,2
8,1,1,paradoxosomatidae,4,1,2
8,1,1,paradoxosomatidae,4,1,2
8,1,1,paradoxosomatidae,4,2,2
8,1,1,paradoxosomatidae,4,2,2
8,1,1,paradoxosomatidae,4,2,2
8,1,1,paradoxosomatidae,4,2,2
12,1,1,paradoxosomatidae,4,2,2
26,1,1,paradoxosomatidae,4,2,2
26,1,1,paradoxosomatidae,4,1,2
26,1,1,paradoxosomatidae,4,1,2
2,0,0,parajulidae,1,1,1
2,0,0,parajulidae,1,1,1
2,0,0,parajulidae,1,2,1
2,0,0,parajulidae,1,1,1
19,0,0,parajulidae,1,2,2
19,0,0,parajulidae,1,2,2
19,0,0,parajulidae,1,2,2
19,0,0,parajulidae,1,2,1
19,0,0,parajulidae,1,2,1
19,0,0,parajulidae,1,2,1
19,0,0,parajulidae,1,2,1
19,0,0,parajulidae,1,2,1
19,0,0,parajulidae,1,1,2
19,0,0,parajulidae,1,1,2
19,0,0,parajulidae,1,1,2
19,0,0,parajulidae,1,1,1
19,0,0,parajulidae,1,2,1
19,0,0,parajulidae,1,1,1
19,0,0,parajulidae,1,1,1
19,0,0,parajulidae,1,2,1
19,0,0,parajulidae,1,2,1
25,0,0,parajulidae,1,1,2
25,0,0,parajulidae,1,1,1
25,0,0,parajulidae,1,1,1
25,0,0,parajulidae,1,2,1
25,0,0,parajulidae,1,2,1
25,0,0,parajulidae,1,2,1
25,0,0,parajulidae,1,1,1
25,0,0,parajulidae,1,2,2
25,0,0,parajulidae,1,2,1
25,0,0,parajulidae,1,1,1
25,0,0,parajulidae,1,1,1
25,0,0,parajulidae,1,1,1
25,0,0,parajulidae,1,2,1
27,0,0,parajulidae,1,1,1
27,0,0,parajulidae,1,1,1
27,0,0,parajulidae,1,1,1
27,0,0,parajulidae,1,1,2
27,0,0,parajulidae,1,2,2
27,0,0,parajulidae,1,2,2
27,0,0,parajulidae,1,2,1
2,0,0,parajulidae,2,2,1
2,0,0,parajulidae,2,1,1
2,0,0,parajulidae,2,2,1
2,0,0,parajulidae,2,1,1
19,0,0,parajulidae,2,2,1
19,0,0,parajulidae,2,1,2
19,0,0,parajulidae,2,1,2
19,0,0,parajulidae,2,2,2
19,0,0,parajulidae,2,2,2
19,0,0,parajulidae,2,2,1
19,0,0,parajulidae,2,2,1
19,0,0,parajulidae,2,2,1
19,0,0,parajulidae,2,2,1
19,0,0,parajulidae,2,1,1
19,0,0,parajulidae,2,1,1
19,0,0,parajulidae,2,2,1
25,0,0,parajulidae,2,1,2
25,0,0,parajulidae,2,2,2
25,0,0,parajulidae,2,2,1
25,0,0,parajulidae,2,1,1
25,0,0,parajulidae,2,1,2
25,0,0,parajulidae,2,1,1
25,0,0,parajulidae,2,2,2
25,0,0,parajulidae,2,2,2
25,0,0,parajulidae,2,1,1
25,0,0,parajulidae,2,2,1
25,0,0,parajulidae,2,2,1
27,0,0,parajulidae,2,1,2
27,0,0,parajulidae,2,1,2
27,0,0,parajulidae,2,1,2
27,0,0,parajulidae,2,2,2
27,0,0,parajulidae,2,2,2
27,0,0,parajulidae,2,2,2
27,0,0,parajulidae,2,2,2
27,0,0,parajulidae,2,2,2
27,0,0,parajulidae,2,2,1
27,0,0,parajulidae,2,1,2
27,0,0,parajulidae,2,1,2
27,0,0,parajulidae,2,2,1
27,0,0,parajulidae,2,1,1
27,0,0,parajulidae,2,2,1
27,0,0,parajulidae,2,2,1
27,0,0,parajulidae,2,2,1
27,0,0,parajulidae,2,2,1
27,0,0,parajulidae,2,1,1
27,0,0,parajulidae,2,2,2
27,0,0,parajulidae,2,2,1
27,0,0,parajulidae,2,1,1
27,0,0,parajulidae,2,1,2
27,0,0,parajulidae,2,2,2
27,0,0,parajulidae,2,2,2
2,0,0,parajulidae,3,1,1
2,0,0,parajulidae,3,2,1
2,0,0,parajulidae,3,2,2
2,0,0,parajulidae,3,1,1
19,0,0,parajulidae,3,2,1
19,0,0,parajulidae,3,1,2
19,0,0,parajulidae,3,1,2
19,0,0,parajulidae,3,2,2
25,0,0,parajulidae,3,2,2
25,0,0,parajulidae,3,2,1
25,0,0,parajulidae,3,1,1
27,0,0,parajulidae,3,2,2
27,0,0,parajulidae,3,1,2
27,0,0,parajulidae,3,1,2
27,0,0,parajulidae,3,1,2
27,0,0,parajulidae,3,2,2
27,0,0,parajulidae,3,2,2
27,0,0,parajulidae,3,2,1
27,0,0,parajulidae,3,2,1
27,0,0,parajulidae,3,1,1
27,0,0,parajulidae,3,1,1
27,0,0,parajulidae,3,2,1
27,0,0,parajulidae,3,2,1
27,0,0,parajulidae,3,1,2
27,0,0,parajulidae,3,2,2
27,0,0,parajulidae,3,2,2
27,0,0,parajulidae,3,1,2
2,0,0,parajulidae,4,1,2
2,0,0,parajulidae,4,2,2
2,0,0,parajulidae,4,2,2
2,0,0,parajulidae,4,2,2
25,0,0,parajulidae,4,1,2
25,0,0,parajulidae,4,1,1
25,0,0,parajulidae,4,2,1
27,0,0,parajulidae,4,1,1
5,0,1,parajulidae,1,1,1
5,0,1,parajulidae,1,1,1
9,0,1,parajulidae,1,1,1
9,0,1,parajulidae,1,1,1
9,0,1,parajulidae,1,1,1
9,0,1,parajulidae,1,1,2
9,0,1,parajulidae,1,1,1
9,0,1,parajulidae,1,1,1
13,0,1,parajulidae,1,2,1
13,0,1,parajulidae,1,1,2
13,0,1,parajulidae,1,1,2
13,0,1,parajulidae,1,1,1
13,0,1,parajulidae,1,1,1
13,0,1,parajulidae,1,2,1
16,0,1,parajulidae,1,1,1
16,0,1,parajulidae,1,2,1
16,0,1,parajulidae,1,2,1
16,0,1,parajulidae,1,1,1
16,0,1,parajulidae,1,1,1
16,0,1,parajulidae,1,1,1
16,0,1,parajulidae,1,1,1
16,0,1,parajulidae,1,1,1
16,0,1,parajulidae,1,1,1
16,0,1,parajulidae,1,1,1
16,0,1,parajulidae,1,1,1
16,0,1,parajulidae,1,1,1
5,0,1,parajulidae,2,1,1
5,0,1,parajulidae,2,1,2
5,0,1,parajulidae,2,1,1
5,0,1,parajulidae,2,1,1
5,0,1,parajulidae,2,2,1
9,0,1,parajulidae,2,1,1
9,0,1,parajulidae,2,1,1
9,0,1,parajulidae,2,1,2
9,0,1,parajulidae,2,1,2
9,0,1,parajulidae,2,2,1
9,0,1,parajulidae,2,2,1
9,0,1,parajulidae,2,2,1
9,0,1,parajulidae,2,2,1
9,0,1,parajulidae,2,2,1
9,0,1,parajulidae,2,2,1
9,0,1,parajulidae,2,1,1
9,0,1,parajulidae,2,2,1
9,0,1,parajulidae,2,1,1
9,0,1,parajulidae,2,2,1
9,0,1,parajulidae,2,2,1
9,0,1,parajulidae,2,1,1
9,0,1,parajulidae,2,1,1
9,0,1,parajulidae,2,2,2
9,0,1,parajulidae,2,2,1
9,0,1,parajulidae,2,2,1
13,0,1,parajulidae,2,1,1
13,0,1,parajulidae,2,1,1
13,0,1,parajulidae,2,1,1
13,0,1,parajulidae,2,1,1
13,0,1,parajulidae,2,1,2
13,0,1,parajulidae,2,2,1
13,0,1,parajulidae,2,2,1
16,0,1,parajulidae,2,1,1
16,0,1,parajulidae,2,2,2
16,0,1,parajulidae,2,2,2
16,0,1,parajulidae,2,2,2
16,0,1,parajulidae,2,2,1
16,0,1,parajulidae,2,2,1
16,0,1,parajulidae,2,1,1
16,0,1,parajulidae,2,1,1
16,0,1,parajulidae,2,2,2
16,0,1,parajulidae,2,2,2
16,0,1,parajulidae,2,2,1
16,0,1,parajulidae,2,2,1
16,0,1,parajulidae,2,1,1
16,0,1,parajulidae,2,2,2
16,0,1,parajulidae,2,1,1
16,0,1,parajulidae,2,2,1
16,0,1,parajulidae,2,1,1
16,0,1,parajulidae,2,1,1
16,0,1,parajulidae,2,1,1
16,0,1,parajulidae,2,1,1
16,0,1,parajulidae,2,1,1
16,0,1,parajulidae,2,1,1
16,0,1,parajulidae,2,2,2
16,0,1,parajulidae,2,2,1
5,0,1,parajulidae,3,1,1
5,0,1,parajulidae,3,2,2
5,0,1,parajulidae,3,1,1
9,0,1,parajulidae,3,2,1
9,0,1,parajulidae,3,2,2
9,0,1,parajulidae,3,1,2
9,0,1,parajulidae,3,2,2
9,0,1,parajulidae,3,2,1
9,0,1,parajulidae,3,1,1
9,0,1,parajulidae,3,2,1
9,0,1,parajulidae,3,2,1
13,0,1,parajulidae,3,2,1
13,0,1,parajulidae,3,2,2
13,0,1,parajulidae,3,1,1
13,0,1,parajulidae,3,1,1
13,0,1,parajulidae,3,1,2
13,0,1,parajulidae,3,2,1
16,0,1,parajulidae,3,2,1
16,0,1,parajulidae,3,1,2
16,0,1,parajulidae,3,2,1
16,0,1,parajulidae,3,1,1
16,0,1,parajulidae,3,2,2
16,0,1,parajulidae,3,2,2
16,0,1,parajulidae,3,2,1
16,0,1,parajulidae,3,2,1
5,0,1,parajulidae,4,1,2
9,0,1,parajulidae,4,1,1
13,0,1,parajulidae,4,1,2
13,0,1,parajulidae,4,1,1
13,0,1,parajulidae,4,1,2
16,0,1,parajulidae,4,1,2
16,0,1,parajulidae,4,1,2
6,1,0,parajulidae,1,2,1
6,1,0,parajulidae,1,2,1
6,1,0,parajulidae,1,2,1
15,1,0,parajulidae,1,1,1
15,1,0,parajulidae,1,1,1
15,1,0,parajulidae,1,1,1
15,1,0,parajulidae,1,1,1
15,1,0,parajulidae,1,2,1
15,1,0,parajulidae,1,1,1
15,1,0,parajulidae,1,1,1
15,1,0,parajulidae,1,1,1
15,1,0,parajulidae,1,2,1
20,1,0,parajulidae,1,2,2
20,1,0,parajulidae,1,1,1
20,1,0,parajulidae,1,1,1
20,1,0,parajulidae,1,1,1
20,1,0,parajulidae,1,2,2
20,1,0,parajulidae,1,2,1
20,1,0,parajulidae,1,2,1
1,1,0,parajulidae,2,1,1
1,1,0,parajulidae,2,1,1
1,1,0,parajulidae,2,1,1
1,1,0,parajulidae,2,2,1
6,1,0,parajulidae,2,2,1
15,1,0,parajulidae,2,2,1
15,1,0,parajulidae,2,2,1
15,1,0,parajulidae,2,2,1
15,1,0,parajulidae,2,2,1
15,1,0,parajulidae,2,1,1
15,1,0,parajulidae,2,1,2
15,1,0,parajulidae,2,2,2
15,1,0,parajulidae,2,2,2
15,1,0,parajulidae,2,2,1
15,1,0,parajulidae,2,2,1
20,1,0,parajulidae,2,2,1
20,1,0,parajulidae,2,2,1
20,1,0,parajulidae,2,1,2
20,1,0,parajulidae,2,1,2
20,1,0,parajulidae,2,2,2
20,1,0,parajulidae,2,1,2
20,1,0,parajulidae,2,1,2
20,1,0,parajulidae,2,2,2
20,1,0,parajulidae,2,2,2
20,1,0,parajulidae,2,2,2
20,1,0,parajulidae,2,2,1
1,1,0,parajulidae,3,2,2
6,1,0,parajulidae,3,1,1
15,1,0,parajulidae,3,1,1
15,1,0,parajulidae,3,1,1
15,1,0,parajulidae,3,2,1
15,1,0,parajulidae,3,1,1
15,1,0,parajulidae,3,2,2
15,1,0,parajulidae,3,1,1
20,1,0,parajulidae,3,1,2
20,1,0,parajulidae,3,2,2
20,1,0,parajulidae,3,2,2
15,1,0,parajulidae,4,2,2
8,1,1,parajulidae,1,1,1
8,1,1,parajulidae,1,2,1
8,1,1,parajulidae,1,2,1
10,1,1,parajulidae,1,1,1
10,1,1,parajulidae,1,1,1
10,1,1,parajulidae,1,2,1
10,1,1,parajulidae,1,1,1
10,1,1,parajulidae,1,1,1
10,1,1,parajulidae,1,1,1
10,1,1,parajulidae,1,1,1
10,1,1,parajulidae,1,1,1
10,1,1,parajulidae,1,2,1
10,1,1,parajulidae,1,2,1
10,1,1,parajulidae,1,2,1
12,1,1,parajulidae,1,1,1
12,1,1,parajulidae,1,1,1
12,1,1,parajulidae,1,1,1
12,1,1,parajulidae,1,1,1
12,1,1,parajulidae,1,1,1
12,1,1,parajulidae,1,1,1
26,1,1,parajulidae,1,1,2
26,1,1,parajulidae,1,1,1
26,1,1,parajulidae,1,1,1
26,1,1,parajulidae,1,2,2
26,1,1,parajulidae,1,2,1
26,1,1,parajulidae,1,1,1
26,1,1,parajulidae,1,1,1
8,1,1,parajulidae,2,2,1
8,1,1,parajulidae,2,1,1
8,1,1,parajulidae,2,2,1
10,1,1,parajulidae,2,1,1
10,1,1,parajulidae,2,1,1
10,1,1,parajulidae,2,1,1
10,1,1,parajulidae,2,1,1
10,1,1,parajulidae,2,2,1
10,1,1,parajulidae,2,2,1
10,1,1,parajulidae,2,1,1
10,1,1,parajulidae,2,1,2
10,1,1,parajulidae,2,1,1
10,1,1,parajulidae,2,1,1
10,1,1,parajulidae,2,2,1
10,1,1,parajulidae,2,2,1
10,1,1,parajulidae,2,2,1
10,1,1,parajulidae,2,2,1
12,1,1,parajulidae,2,1,2
12,1,1,parajulidae,2,1,1
12,1,1,parajulidae,2,2,2
12,1,1,parajulidae,2,2,1
26,1,1,parajulidae,2,1,2
26,1,1,parajulidae,2,2,2
26,1,1,parajulidae,2,2,2
26,1,1,parajulidae,2,2,1
26,1,1,parajulidae,2,2,1
26,1,1,parajulidae,2,1,1
26,1,1,parajulidae,2,1,1
26,1,1,parajulidae,2,1,1
26,1,1,parajulidae,2,2,1
26,1,1,parajulidae,2,1,2
26,1,1,parajulidae,2,1,1
26,1,1,parajulidae,2,1,1
26,1,1,parajulidae,2,1,1
26,1,1,parajulidae,2,1,1
26,1,1,parajulidae,2,2,1
26,1,1,parajulidae,2,2,1
26,1,1,parajulidae,2,2,1
8,1,1,parajulidae,3,1,2
10,1,1,parajulidae,3,1,1
10,1,1,parajulidae,3,1,2
10,1,1,parajulidae,3,2,2
10,1,1,parajulidae,3,1,1
10,1,1,parajulidae,3,1,1
10,1,1,parajulidae,3,1,1
10,1,1,parajulidae,3,1,2
10,1,1,parajulidae,3,1,2
10,1,1,parajulidae,3,1,2
10,1,1,parajulidae,3,1,2
10,1,1,parajulidae,3,2,1
10,1,1,parajulidae,3,2,1
12,1,1,parajulidae,3,2,1
12,1,1,parajulidae,3,1,1
12,1,1,parajulidae,3,2,2
12,1,1,parajulidae,3,1,2
12,1,1,parajulidae,3,1,1
26,1,1,parajulidae,3,2,1
26,1,1,parajulidae,3,2,2
26,1,1,parajulidae,3,1,2
26,1,1,parajulidae,3,1,2
26,1,1,parajulidae,3,2,2
26,1,1,parajulidae,3,1,1
26,1,1,parajulidae,3,1,1
26,1,1,parajulidae,3,2,2
26,1,1,parajulidae,3,2,1
26,1,1,parajulidae,3,1,2
26,1,1,parajulidae,3,1,1
26,1,1,parajulidae,3,2,1
8,1,1,parajulidae,4,1,2
10,1,1,parajulidae,4,2,1
10,1,1,parajulidae,4,1,1
12,1,1,parajulidae,4,2,1
27,0,0,polydesmidae,1,2,2
27,0,0,polydesmidae,1,2,1
27,0,0,polydesmidae,1,1,1
27,0,0,polydesmidae,1,1,1
19,0,0,polydesmidae,2,1,1
19,0,0,polydesmidae,2,1,1
19,0,0,polydesmidae,2,1,2
19,0,0,polydesmidae,2,1,1
19,0,0,polydesmidae,2,2,1
19,0,0,polydesmidae,2,2,1
25,0,0,polydesmidae,2,2,1
25,0,0,polydesmidae,2,2,1
27,0,0,polydesmidae,2,2,1
27,0,0,polydesmidae,2,1,1
27,0,0,polydesmidae,2,1,1
19,0,0,polydesmidae,3,2,1
25,0,0,polydesmidae,3,1,1
27,0,0,polydesmidae,3,2,2
27,0,0,polydesmidae,3,1,1
19,0,0,polydesmidae,4,2,1
27,0,0,polydesmidae,4,2,2
27,0,0,polydesmidae,4,2,1
5,0,1,polydesmidae,1,1,1
9,0,1,polydesmidae,1,2,1
16,0,1,polydesmidae,1,1,1
5,0,1,polydesmidae,2,2,1
9,0,1,polydesmidae,2,1,1
9,0,1,polydesmidae,2,2,1
9,0,1,polydesmidae,2,1,1
9,0,1,polydesmidae,2,2,1
9,0,1,polydesmidae,2,2,1
13,0,1,polydesmidae,2,1,1
16,0,1,polydesmidae,2,2,1
16,0,1,polydesmidae,2,1,1
9,0,1,polydesmidae,3,2,2
9,0,1,polydesmidae,3,2,2
9,0,1,polydesmidae,3,1,1
13,0,1,polydesmidae,3,1,1
16,0,1,polydesmidae,4,1,1
6,1,0,polydesmidae,1,1,1
20,1,0,polydesmidae,1,1,2
20,1,0,polydesmidae,1,2,2
20,1,0,polydesmidae,1,2,2
1,1,0,polydesmidae,2,1,1
6,1,0,polydesmidae,2,2,1
15,1,0,polydesmidae,2,1,1
20,1,0,polydesmidae,2,2,2
20,1,0,polydesmidae,2,2,2
20,1,0,polydesmidae,2,1,2
20,1,0,polydesmidae,2,1,2
20,1,0,polydesmidae,2,2,2
20,1,0,polydesmidae,2,1,2
20,1,0,polydesmidae,2,1,1
20,1,0,polydesmidae,2,1,1
20,1,0,polydesmidae,2,1,1
20,1,0,polydesmidae,2,1,1
20,1,0,polydesmidae,2,2,2
20,1,0,polydesmidae,2,2,2
1,1,0,polydesmidae,3,2,1
20,1,0,polydesmidae,3,1,1
20,1,0,polydesmidae,3,2,2
20,1,0,polydesmidae,3,1,1
20,1,0,polydesmidae,3,2,2
20,1,0,polydesmidae,4,1,2
20,1,0,polydesmidae,4,1,1
20,1,0,polydesmidae,4,2,2
20,1,0,polydesmidae,4,2,2
20,1,0,polydesmidae,4,2,2
10,1,1,polydesmidae,1,1,1
26,1,1,polydesmidae,1,1,1
10,1,1,polydesmidae,2,2,1
12,1,1,polydesmidae,2,1,1
26,1,1,polydesmidae,2,1,2
26,1,1,polydesmidae,2,2,1
26,1,1,polydesmidae,2,1,2
26,1,1,polydesmidae,2,2,1
10,1,1,polydesmidae,3,2,1
10,1,1,polydesmidae,3,1,1
10,1,1,polydesmidae,3,2,1
12,1,1,polydesmidae,3,2,1
12,1,1,polydesmidae,3,2,1
26,1,1,polydesmidae,3,1,1
26,1,1,polydesmidae,3,2,1
26,1,1,polydesmidae,3,1,1
26,1,1,polydesmidae,3,1,1
8,1,1,polydesmidae,4,2,2
10,1,1,polydesmidae,4,2,1
26,1,1,polydesmidae,4,1,2
26,1,1,polydesmidae,4,1,1
19,0,0,rhaphidophoridae,1,1,1
25,0,0,rhaphidophoridae,2,2,2
2,0,0,rhaphidophoridae,3,1,2
2,0,0,rhaphidophoridae,4,1,2
13,0,1,rhaphidophoridae,2,1,1
13,0,1,rhaphidophoridae,2,2,1
5,0,1,rhaphidophoridae,3,1,2
5,0,1,rhaphidophoridae,3,1,1
16,0,1,rhaphidophoridae,3,1,1
5,0,1,rhaphidophoridae,4,1,2
6,1,0,rhaphidophoridae,2,1,2
6,1,0,rhaphidophoridae,2,1,1
1,1,0,rhaphidophoridae,3,1,1
1,1,0,rhaphidophoridae,3,2,1
1,1,0,rhaphidophoridae,4,2,1
1,1,0,rhaphidophoridae,4,2,2
26,1,1,rhaphidophoridae,2,1,1
10,1,1,rhaphidophoridae,3,2,2
12,1,1,rhaphidophoridae,3,2,2
12,1,1,rhaphidophoridae,3,2,1
12,1,1,rhaphidophoridae,4,2,2
12,1,1,rhaphidophoridae,4,2,2
12,1,1,rhaphidophoridae,4,2,2
12,1,1,rhaphidophoridae,4,2,2
13,0,1,scarabaeidae,2,2,2
10,1,1,scarabaeidae,4,1,2
27,0,0,scolopendromorpha,1,1,2
27,0,0,scolopendromorpha,4,1,2
8,1,1,scolopendromorpha,1,2,2
12,1,1,scolopendromorpha,3,2,2
25,0,0,silphidae,2,2,1
12,1,1,silphidae,2,1,1
15,1,0,snail,3,1,2
19,0,0,spirobolidae,1,1,1
19,0,0,spirobolidae,2,2,1
19,0,0,spirobolidae,2,2,2
25,0,0,spirobolidae,2,2,2
25,0,0,spirobolidae,2,2,2
25,0,0,spirobolidae,2,1,1
19,0,0,spirobolidae,3,1,1
19,0,0,spirobolidae,3,2,1
19,0,0,spirobolidae,3,2,1
19,0,0,spirobolidae,3,2,1
25,0,0,spirobolidae,3,1,2
19,0,0,spirobolidae,4,2,1
19,0,0,spirobolidae,4,1,1
25,0,0,spirobolidae,4,2,1
16,0,1,spirobolidae,1,1,2
13,0,1,spirobolidae,3,1,1
1,1,0,spirobolidae,2,1,1
20,1,0,spirobolidae,2,1,1
1,1,0,spirobolidae,3,1,1
1,1,0,spirobolidae,3,2,1
1,1,0,spirobolidae,3,2,1
1,1,0,spirobolidae,3,2,1
1,1,0,spirobolidae,3,2,1
1,1,0,spirobolidae,4,1,1
1,1,0,spirobolidae,4,2,2
1,1,0,staphylinidae,2,2,1
6,1,0,staphylinidae,2,1,1
6,1,0,staphylinidae,2,2,1
8,1,1,staphylinidae,1,1,1
12,1,1,staphylinidae,4,2,1
2,0,0,tenebrionidae,1,2,1
25,0,0,tenebrionidae,1,2,2
27,0,0,tenebrionidae,1,1,2
25,0,0,tenebrionidae,2,1,2
25,0,0,tenebrionidae,2,1,2
25,0,0,tenebrionidae,2,2,2
25,0,0,tenebrionidae,2,2,1
19,0,0,tenebrionidae,3,2,2
25,0,0,tenebrionidae,3,1,2
25,0,0,tenebrionidae,3,1,2
25,0,0,tenebrionidae,3,2,2
27,0,0,tenebrionidae,4,1,1
16,0,1,tenebrionidae,1,2,2
16,0,1,tenebrionidae,1,2,1
5,0,1,tenebrionidae,2,2,1
5,0,1,tenebrionidae,2,2,1
9,0,1,tenebrionidae,2,2,1
13,0,1,tenebrionidae,2,2,2
16,0,1,tenebrionidae,2,2,2
16,0,1,tenebrionidae,2,2,2
16,0,1,tenebrionidae,2,1,2
9,0,1,tenebrionidae,3,1,2
16,0,1,tenebrionidae,3,1,2
9,0,1,tenebrionidae,3,2,1
13,0,1,tenebrionidae,4,1,2
6,1,0,tenebrionidae,1,2,1
15,1,0,tenebrionidae,1,1,1
15,1,0,tenebrionidae,1,1,2
15,1,0,tenebrionidae,1,1,2
15,1,0,tenebrionidae,1,2,2
15,1,0,tenebrionidae,1,2,1
20,1,0,tenebrionidae,1,1,2
1,1,0,tenebrionidae,2,2,1
15,1,0,tenebrionidae,2,1,2
15,1,0,tenebrionidae,2,1,1
15,1,0,tenebrionidae,2,1,1
15,1,0,tenebrionidae,2,2,2
15,1,0,tenebrionidae,2,2,2
15,1,0,tenebrionidae,2,2,2
15,1,0,tenebrionidae,2,2,2
15,1,0,tenebrionidae,2,1,2
15,1,0,tenebrionidae,2,1,2
15,1,0,tenebrionidae,2,1,2
15,1,0,tenebrionidae,2,2,2
15,1,0,tenebrionidae,2,2,2
15,1,0,tenebrionidae,2,2,2
15,1,0,tenebrionidae,2,2,2
6,1,0,tenebrionidae,3,1,1
6,1,0,tenebrionidae,3,2,1
15,1,0,tenebrionidae,3,1,2
15,1,0,tenebrionidae,3,1,1
15,1,0,tenebrionidae,3,2,1
15,1,0,tenebrionidae,4,1,2
8,1,1,tenebrionidae,1,1,1
10,1,1,tenebrionidae,1,1,2
10,1,1,tenebrionidae,1,1,2
12,1,1,tenebrionidae,1,1,1
26,1,1,tenebrionidae,1,1,1
26,1,1,tenebrionidae,1,2,1
8,1,1,tenebrionidae,2,1,2
8,1,1,tenebrionidae,2,1,2
8,1,1,tenebrionidae,2,1,2
8,1,1,tenebrionidae,2,2,1
8,1,1,tenebrionidae,2,1,2
8,1,1,tenebrionidae,2,1,1
10,1,1,tenebrionidae,2,1,2
12,1,1,tenebrionidae,2,1,2
12,1,1,tenebrionidae,2,1,2
26,1,1,tenebrionidae,2,1,2
8,1,1,tenebrionidae,3,1,2
8,1,1,tenebrionidae,3,2,2
8,1,1,tenebrionidae,3,2,1
8,1,1,tenebrionidae,3,2,1
8,1,1,tenebrionidae,3,2,1
12,1,1,tenebrionidae,3,2,2
10,1,1,tenebrionidae,4,1,2
2,0,0,xystodesmidae,2,1,2
19,0,0,xystodesmidae,2,2,1
27,0,0,xystodesmidae,3,1,1
5,0,1,xystodesmidae,1,2,1
5,0,1,xystodesmidae,1,2,1
5,0,1,xystodesmidae,2,2,1
5,0,1,xystodesmidae,4,2,1
6,1,0,xystodesmidae,3,1,2
6,1,0,xystodesmidae,3,1,2
6,1,0,xystodesmidae,4,1,2
6,1,0,xystodesmidae,4,1,1
8,1,1,xystodesmidae,2,2,2
8,1,1,xystodesmidae,4,2,2
